Number Pending - Simple,Median No. of Days - Simple,Average No. of Days - Simple,Number Pending - Complex,Median No. of Days - Complex,Average No. of Days - Complex,Number Pending - Expedited,Median No. of Days - Expedited,Average No. of Days - Expedited,Year
NARA2008,12222008,52008,1232.862008,44942008,1572008,2082.582008,02008,Total2008,12222008,52008,12332008,44942008,1572008,20832008,02008,02008,02008
NARA2008,12222008,52008,1232.862008,44942008,1572008,2082.582008,02008,Total2008,12222008,52008,12332008,44942008,1572008,20832008,02008,02008,02008
NARA2008,12222008,52008,1232.862008,44942008,1572008,2082.582008,02008,Total2008,12222008,52008,12332008,44942008,1572008,20832008,02008,02008,02008
NARA2008,12222008,52008,1232.862008,44942008,1572008,2082.582008,02008,Total2008,12222008,52008,12332008,44942008,1572008,20832008,02008,02008,02008
