Number Pending - Simple,Median No. of Days - Simple,Average No. of Days - Simple,Number Pending - Complex,Median No. of Days - Complex,Average No. of Days - Complex,Number Pending - Expedited,Median No. of Days - Expedited,Average No. of Days - Expedited,Year
MSPB2008,62008,602008,69.42008,02008,02008,02008,02008,02008,02008,Total2008,62008,602008,692008,02008,02008,02008,02008,02008,02008
MSPB2008,62008,602008,69.42008,02008,02008,02008,02008,02008,02008,Total2008,62008,602008,692008,02008,02008,02008,02008,02008,02008
MSPB2008,62008,602008,69.42008,02008,02008,02008,02008,02008,02008,Total2008,62008,602008,692008,02008,02008,02008,02008,02008,02008
MSPB2008,62008,602008,69.42008,02008,02008,02008,02008,02008,02008,Total2008,62008,602008,692008,02008,02008,02008,02008,02008,02008
