Number Pending - Simple,Median No. of Days - Simple,Average No. of Days - Simple,Number Pending - Complex,Median No. of Days - Complex,Average No. of Days - Complex,Number Pending - Expedited,Median No. of Days - Expedited,Average No. of Days - Expedited,Year
OGE2008,32008,62008,5.32008,02008,02008,Total2008,32008,62008,52008,02008,02008,02008,02008,02008,02008
OGE2008,32008,62008,5.32008,02008,02008,Total2008,32008,62008,52008,02008,02008,02008,02008,02008,02008
OGE2008,32008,62008,5.32008,02008,02008,Total2008,32008,62008,52008,02008,02008,02008,02008,02008,02008
OGE2008,32008,62008,5.32008,02008,02008,Total2008,32008,62008,52008,02008,02008,02008,02008,02008,02008
