Number Pending - Simple,Median No. of Days - Simple,Average No. of Days - Simple,Number Pending - Complex,Median No. of Days - Complex,Average No. of Days - Complex,Number Pending - Expedited,Median No. of Days - Expedited,Average No. of Days - Expedited,Year
NIGC2008,12008,72008,72008,52008,72008,12.52008,02008,02008,02008,Total2008,12008,72008,72008,52008,72008,132008,02008,02008,02008
NIGC2008,12008,72008,72008,52008,72008,12.52008,02008,02008,02008,Total2008,12008,72008,72008,52008,72008,132008,02008,02008,02008
NIGC2008,12008,72008,72008,52008,72008,12.52008,02008,02008,02008,Total2008,12008,72008,72008,52008,72008,132008,02008,02008,02008
NIGC2008,12008,72008,72008,52008,72008,12.52008,02008,02008,02008,Total2008,12008,72008,72008,52008,72008,132008,02008,02008,02008
