Number Pending - Simple,Median No. of Days - Simple,Average No. of Days - Simple,Number Pending - Complex,Median No. of Days - Complex,Average No. of Days - Complex,Number Pending - Expedited,Median No. of Days - Expedited,Average No. of Days - Expedited,Year
FTC2008,22008,8.52008,8.52008,52008,42008,5.42008,02008,02008,02008,Total2008,22008,92008,92008,52008,42008,52008,02008,02008,02008
FTC2008,22008,8.52008,8.52008,52008,42008,5.42008,02008,02008,02008,Total2008,22008,92008,92008,52008,42008,52008,02008,02008,02008
FTC2008,22008,8.52008,8.52008,52008,42008,5.42008,02008,02008,02008,Total2008,22008,92008,92008,52008,42008,52008,02008,02008,02008
FTC2008,22008,8.52008,8.52008,52008,42008,5.42008,02008,02008,02008,Total2008,22008,92008,92008,52008,42008,52008,02008,02008,02008
