Number Pending - Simple,Median No. of Days - Simple,Average No. of Days - Simple,Number Pending - Complex,Median No. of Days - Complex,Average No. of Days - Complex,Number Pending - Expedited,Median No. of Days - Expedited,Average No. of Days - Expedited,Year
SBA2008,282008,72008,23.32008,02008,02008,02008,02008,02008,02008,Total2008,282008,72008,232008,02008,02008,02008,02008,02008,02008
SBA2008,282008,72008,23.32008,02008,02008,02008,02008,02008,02008,Total2008,282008,72008,232008,02008,02008,02008,02008,02008,02008
SBA2008,282008,72008,23.32008,02008,02008,02008,02008,02008,02008,Total2008,282008,72008,232008,02008,02008,02008,02008,02008,02008
SBA2008,282008,72008,23.32008,02008,02008,02008,02008,02008,02008,Total2008,282008,72008,232008,02008,02008,02008,02008,02008,02008
