Number Pending - Simple,Median No. of Days - Simple,Average No. of Days - Simple,Number Pending - Complex,Median No. of Days - Complex,Average No. of Days - Complex,Number Pending - Expedited,Median No. of Days - Expedited,Average No. of Days - Expedited,Year
FERC2008,122008,16.52008,162008,82008,52008,82008,62008,9.52008,1322008,Total2008,122008,172008,162008,82008,52008,82008,62008,102008,1322008
FERC2008,122008,16.52008,162008,82008,52008,82008,62008,9.52008,1322008,Total2008,122008,172008,162008,82008,52008,82008,62008,102008,1322008
FERC2008,122008,16.52008,162008,82008,52008,82008,62008,9.52008,1322008,Total2008,122008,172008,162008,82008,52008,82008,62008,102008,1322008
FERC2008,122008,16.52008,162008,82008,52008,82008,62008,9.52008,1322008,Total2008,122008,172008,162008,82008,52008,82008,62008,102008,1322008
