Number Pending - Simple,Median No. of Days - Simple,Average No. of Days - Simple,Number Pending - Complex,Median No. of Days - Complex,Average No. of Days - Complex,Number Pending - Expedited,Median No. of Days - Expedited,Average No. of Days - Expedited,Year
FEC2008,72008,2102008,175.82008,12008,172008,172008,02008,02008,02008,Total2008,72008,2102008,1762008,12008,172008,172008,02008,02008,02008
FEC2008,72008,2102008,175.82008,12008,172008,172008,02008,02008,02008,Total2008,72008,2102008,1762008,12008,172008,172008,02008,02008,02008
FEC2008,72008,2102008,175.82008,12008,172008,172008,02008,02008,02008,Total2008,72008,2102008,1762008,12008,172008,172008,02008,02008,02008
FEC2008,72008,2102008,175.82008,12008,172008,172008,02008,02008,02008,Total2008,72008,2102008,1762008,12008,172008,172008,02008,02008,02008
