Number Pending - Simple,Median No. of Days - Simple,Average No. of Days - Simple,Number Pending - Complex,Median No. of Days - Complex,Average No. of Days - Complex,Number Pending - Expedited,Median No. of Days - Expedited,Average No. of Days - Expedited,Year
Foundation2008,12008,2722008,2722008,02008,02008,02008,02008,02008,02008,OIG2008,22008,9.52008,9.52008,02008,02008,02008,02008,02008,02008,Total2008,32008,1352008,972008,02008,02008,02008,02008,02008,02008
Foundation2008,12008,2722008,2722008,02008,02008,02008,02008,02008,02008,OIG2008,22008,9.52008,9.52008,02008,02008,02008,02008,02008,02008,Total2008,32008,1352008,972008,02008,02008,02008,02008,02008,02008
Foundation2008,12008,2722008,2722008,02008,02008,02008,02008,02008,02008,OIG2008,22008,9.52008,9.52008,02008,02008,02008,02008,02008,02008,Total2008,32008,1352008,972008,02008,02008,02008,02008,02008,02008
Foundation2008,12008,2722008,2722008,02008,02008,02008,02008,02008,02008,OIG2008,22008,9.52008,9.52008,02008,02008,02008,02008,02008,02008,Total2008,32008,1352008,972008,02008,02008,02008,02008,02008,02008
Foundation2008,12008,2722008,2722008,02008,02008,02008,02008,02008,02008,OIG2008,22008,9.52008,9.52008,02008,02008,02008,02008,02008,02008,Total2008,32008,1352008,972008,02008,02008,02008,02008,02008,02008
