Number Pending - Simple,Median No. of Days - Simple,Average No. of Days - Simple,Number Pending - Complex,Median No. of Days - Complex,Average No. of Days - Complex,Number Pending - Expedited,Median No. of Days - Expedited,Average No. of Days - Expedited,Year
NCUA2008,42008,142008,17.752008,12008,312008,312008,02008,02008,02008,Total2008,42008,142008,182008,12008,312008,312008,02008,02008,02008
NCUA2008,42008,142008,17.752008,12008,312008,312008,02008,02008,02008,Total2008,42008,142008,182008,12008,312008,312008,02008,02008,02008
NCUA2008,42008,142008,17.752008,12008,312008,312008,02008,02008,02008,Total2008,42008,142008,182008,12008,312008,312008,02008,02008,02008
NCUA2008,42008,142008,17.752008,12008,312008,312008,02008,02008,02008,Total2008,42008,142008,182008,12008,312008,312008,02008,02008,02008
