Number Pending - Simple,Median No. of Days - Simple,Average No. of Days - Simple,Number Pending - Complex,Median No. of Days - Complex,Average No. of Days - Complex,Number Pending - Expedited,Median No. of Days - Expedited,Average No. of Days - Expedited,Year
FERC2009,132009,292009,46.152009,62009,372009,342009,82009,1162009,2022009,Total2009,132009,292009,462009,62009,372009,342009,82009,1162009,2022009
FERC2009,132009,292009,46.152009,62009,372009,342009,82009,1162009,2022009,Total2009,132009,292009,462009,62009,372009,342009,82009,1162009,2022009
FERC2009,132009,292009,46.152009,62009,372009,342009,82009,1162009,2022009,Total2009,132009,292009,462009,62009,372009,342009,82009,1162009,2022009
FERC2009,132009,292009,46.152009,62009,372009,342009,82009,1162009,2022009,Total2009,132009,292009,462009,62009,372009,342009,82009,1162009,2022009
