Number Pending - Simple,Median No. of Days - Simple,Average No. of Days - Simple,Number Pending - Complex,Median No. of Days - Complex,Average No. of Days - Complex,Number Pending - Expedited,Median No. of Days - Expedited,Average No. of Days - Expedited,Year
OGE2009,42009,4.52009,3.82009,02009,02009,Total2009,42009,52009,42009,02009,02009,02009,02009,02009,02009
OGE2009,42009,4.52009,3.82009,02009,02009,Total2009,42009,52009,42009,02009,02009,02009,02009,02009,02009
OGE2009,42009,4.52009,3.82009,02009,02009,Total2009,42009,52009,42009,02009,02009,02009,02009,02009,02009
OGE2009,42009,4.52009,3.82009,02009,02009,Total2009,42009,52009,42009,02009,02009,02009,02009,02009,02009
