Number Pending - Simple,Median No. of Days - Simple,Average No. of Days - Simple,Number Pending - Complex,Median No. of Days - Complex,Average No. of Days - Complex,Number Pending - Expedited,Median No. of Days - Expedited,Average No. of Days - Expedited,Year
OSHRC2009,42009,5.52009,72009,02009,02009,02009,02009,02009,02009,Total2009,42009,62009,72009,02009,02009,02009,02009,02009,02009
OSHRC2009,42009,5.52009,72009,02009,02009,02009,02009,02009,02009,Total2009,42009,62009,72009,02009,02009,02009,02009,02009,02009
OSHRC2009,42009,5.52009,72009,02009,02009,02009,02009,02009,02009,Total2009,42009,62009,72009,02009,02009,02009,02009,02009,02009
OSHRC2009,42009,5.52009,72009,02009,02009,02009,02009,02009,02009,Total2009,42009,62009,72009,02009,02009,02009,02009,02009,02009
