Number Pending - Simple,Median No. of Days - Simple,Average No. of Days - Simple,Number Pending - Complex,Median No. of Days - Complex,Average No. of Days - Complex,Number Pending - Expedited,Median No. of Days - Expedited,Average No. of Days - Expedited,Year
NARA2009,13082009,8322009,948.32009,44112009,9862009,1224.312009,02009,Total2009,13082009,8322009,9482009,44112009,9862009,12242009,02009,02009,02009
NARA2009,13082009,8322009,948.32009,44112009,9862009,1224.312009,02009,Total2009,13082009,8322009,9482009,44112009,9862009,12242009,02009,02009,02009
NARA2009,13082009,8322009,948.32009,44112009,9862009,1224.312009,02009,Total2009,13082009,8322009,9482009,44112009,9862009,12242009,02009,02009,02009
NARA2009,13082009,8322009,948.32009,44112009,9862009,1224.312009,02009,Total2009,13082009,8322009,9482009,44112009,9862009,12242009,02009,02009,02009
