Number Pending - Simple,Median No. of Days - Simple,Average No. of Days - Simple,Number Pending - Complex,Median No. of Days - Complex,Average No. of Days - Complex,Number Pending - Expedited,Median No. of Days - Expedited,Average No. of Days - Expedited,Year
FEC2009,132009,402009,1482009,42009,54.52009,592009,02009,02009,02009,Total2009,132009,402009,1482009,42009,552009,592009,02009,02009,02009
FEC2009,132009,402009,1482009,42009,54.52009,592009,02009,02009,02009,Total2009,132009,402009,1482009,42009,552009,592009,02009,02009,02009
FEC2009,132009,402009,1482009,42009,54.52009,592009,02009,02009,02009,Total2009,132009,402009,1482009,42009,552009,592009,02009,02009,02009
FEC2009,132009,402009,1482009,42009,54.52009,592009,02009,02009,02009,Total2009,132009,402009,1482009,42009,552009,592009,02009,02009,02009
