Number Pending - Simple,Median No. of Days - Simple,Average No. of Days - Simple,Number Pending - Complex,Median No. of Days - Complex,Average No. of Days - Complex,Number Pending - Expedited,Median No. of Days - Expedited,Average No. of Days - Expedited,Year
NCUA2009,92009,42009,6.22009,42009,52009,5.52009,12009,12009,12009,Total2009,92009,42009,62009,42009,52009,62009,12009,12009,12009
NCUA2009,92009,42009,6.22009,42009,52009,5.52009,12009,12009,12009,Total2009,92009,42009,62009,42009,52009,62009,12009,12009,12009
NCUA2009,92009,42009,6.22009,42009,52009,5.52009,12009,12009,12009,Total2009,92009,42009,62009,42009,52009,62009,12009,12009,12009
NCUA2009,92009,42009,6.22009,42009,52009,5.52009,12009,12009,12009,Total2009,92009,42009,62009,42009,52009,62009,12009,12009,12009
