Number Pending - Simple,Median No. of Days - Simple,Average No. of Days - Simple,Number Pending - Complex,Median No. of Days - Complex,Average No. of Days - Complex,Number Pending - Expedited,Median No. of Days - Expedited,Average No. of Days - Expedited,Year
OGE2010,62010,11.52010,13.52010,02010,02010,02010,02010,02010,02010,Total2010,62010,122010,142010,02010,02010,02010,02010,02010,02010
OGE2010,62010,11.52010,13.52010,02010,02010,02010,02010,02010,02010,Total2010,62010,122010,142010,02010,02010,02010,02010,02010,02010
OGE2010,62010,11.52010,13.52010,02010,02010,02010,02010,02010,02010,Total2010,62010,122010,142010,02010,02010,02010,02010,02010,02010
OGE2010,62010,11.52010,13.52010,02010,02010,02010,02010,02010,02010,Total2010,62010,122010,142010,02010,02010,02010,02010,02010,02010
