Number Pending - Simple,Median No. of Days - Simple,Average No. of Days - Simple,Number Pending - Complex,Median No. of Days - Complex,Average No. of Days - Complex,Number Pending - Expedited,Median No. of Days - Expedited,Average No. of Days - Expedited,Year
USTDA2010,02010,02010,02010,182010,2042010,192.32010,12010,812010,812010,Total2010,02010,02010,02010,182010,2042010,1922010,12010,812010,812010
USTDA2010,02010,02010,02010,182010,2042010,192.32010,12010,812010,812010,Total2010,02010,02010,02010,182010,2042010,1922010,12010,812010,812010
USTDA2010,02010,02010,02010,182010,2042010,192.32010,12010,812010,812010,Total2010,02010,02010,02010,182010,2042010,1922010,12010,812010,812010
USTDA2010,02010,02010,02010,182010,2042010,192.32010,12010,812010,812010,Total2010,02010,02010,02010,182010,2042010,1922010,12010,812010,812010
