Number Pending - Simple,Median No. of Days - Simple,Average No. of Days - Simple,Number Pending - Complex,Median No. of Days - Complex,Average No. of Days - Complex,Number Pending - Expedited,Median No. of Days - Expedited,Average No. of Days - Expedited,Year
ODNI2010,1362010,2112010,265.82010,02010,02010,02010,12010,02010,2982010,Total2010,1362010,2112010,2662010,02010,02010,02010,12010,02010,2982010
ODNI2010,1362010,2112010,265.82010,02010,02010,02010,12010,02010,2982010,Total2010,1362010,2112010,2662010,02010,02010,02010,12010,02010,2982010
ODNI2010,1362010,2112010,265.82010,02010,02010,02010,12010,02010,2982010,Total2010,1362010,2112010,2662010,02010,02010,02010,12010,02010,2982010
ODNI2010,1362010,2112010,265.82010,02010,02010,02010,12010,02010,2982010,Total2010,1362010,2112010,2662010,02010,02010,02010,12010,02010,2982010
