Number Pending - Simple,Median No. of Days - Simple,Average No. of Days - Simple,Number Pending - Complex,Median No. of Days - Complex,Average No. of Days - Complex,Number Pending - Expedited,Median No. of Days - Expedited,Average No. of Days - Expedited,Year
CNCS2010,32010,22010,4.62010,12010,82010,82010,02010,02010,02010,Total2010,32010,22010,52010,12010,82010,82010,02010,02010,02010
CNCS2010,32010,22010,4.62010,12010,82010,82010,02010,02010,02010,Total2010,32010,22010,52010,12010,82010,82010,02010,02010,02010
CNCS2010,32010,22010,4.62010,12010,82010,82010,02010,02010,02010,Total2010,32010,22010,52010,12010,82010,82010,02010,02010,02010
CNCS2010,32010,22010,4.62010,12010,82010,82010,02010,02010,02010,Total2010,32010,22010,52010,12010,82010,82010,02010,02010,02010
