Number Pending - Simple,Median No. of Days - Simple,Average No. of Days - Simple,Number Pending - Complex,Median No. of Days - Complex,Average No. of Days - Complex,Number Pending - Expedited,Median No. of Days - Expedited,Average No. of Days - Expedited,Year
NCUA2010,62010,322010,33.82010,22010,11.52010,11.52010,22010,44.52010,44.52010,Total2010,62010,322010,342010,22010,122010,122010,22010,452010,452010
NCUA2010,62010,322010,33.82010,22010,11.52010,11.52010,22010,44.52010,44.52010,Total2010,62010,322010,342010,22010,122010,122010,22010,452010,452010
NCUA2010,62010,322010,33.82010,22010,11.52010,11.52010,22010,44.52010,44.52010,Total2010,62010,322010,342010,22010,122010,122010,22010,452010,452010
NCUA2010,62010,322010,33.82010,22010,11.52010,11.52010,22010,44.52010,44.52010,Total2010,62010,322010,342010,22010,122010,122010,22010,452010,452010
