Number Pending - Simple,Median No. of Days - Simple,Average No. of Days - Simple,Number Pending - Complex,Median No. of Days - Complex,Average No. of Days - Complex,Number Pending - Expedited,Median No. of Days - Expedited,Average No. of Days - Expedited,Year
IMLS2010,22010,2.52010,2.52010,12010,202010,202010,02010,02010,02010,Total2010,22010,32010,32010,12010,202010,202010,02010,02010,02010
IMLS2010,22010,2.52010,2.52010,12010,202010,202010,02010,02010,02010,Total2010,22010,32010,32010,12010,202010,202010,02010,02010,02010
IMLS2010,22010,2.52010,2.52010,12010,202010,202010,02010,02010,02010,Total2010,22010,32010,32010,12010,202010,202010,02010,02010,02010
IMLS2010,22010,2.52010,2.52010,12010,202010,202010,02010,02010,02010,Total2010,22010,32010,32010,12010,202010,202010,02010,02010,02010
