Number Pending - Simple,Median No. of Days - Simple,Average No. of Days - Simple,Number Pending - Complex,Median No. of Days - Complex,Average No. of Days - Complex,Number Pending - Expedited,Median No. of Days - Expedited,Average No. of Days - Expedited,Year
USCCR2010,122010,27.52010,402010,02010,02010,Total2010,122010,282010,402010,02010,02010,02010,02010,02010,02010
USCCR2010,122010,27.52010,402010,02010,02010,Total2010,122010,282010,402010,02010,02010,02010,02010,02010,02010
USCCR2010,122010,27.52010,402010,02010,02010,Total2010,122010,282010,402010,02010,02010,02010,02010,02010,02010
USCCR2010,122010,27.52010,402010,02010,02010,Total2010,122010,282010,402010,02010,02010,02010,02010,02010,02010
