Number Pending - Simple,Median No. of Days - Simple,Average No. of Days - Simple,Number Pending - Complex,Median No. of Days - Complex,Average No. of Days - Complex,Number Pending - Expedited,Median No. of Days - Expedited,Average No. of Days - Expedited,Year
NIGC2010,22010,47.52010,47.52010,22010,612010,612010,02010,02010,02010,Total2010,22010,482010,482010,22010,612010,612010,02010,02010,02010
NIGC2010,22010,47.52010,47.52010,22010,612010,612010,02010,02010,02010,Total2010,22010,482010,482010,22010,612010,612010,02010,02010,02010
NIGC2010,22010,47.52010,47.52010,22010,612010,612010,02010,02010,02010,Total2010,22010,482010,482010,22010,612010,612010,02010,02010,02010
NIGC2010,22010,47.52010,47.52010,22010,612010,612010,02010,02010,02010,Total2010,22010,482010,482010,22010,612010,612010,02010,02010,02010
