Number Pending - Simple,Median No. of Days - Simple,Average No. of Days - Simple,Number Pending - Complex,Median No. of Days - Complex,Average No. of Days - Complex,Number Pending - Expedited,Median No. of Days - Expedited,Average No. of Days - Expedited,Year
FEC2010,82010,582010,115.72010,52010,1312010,288.82010,02010,02010,02010,Total2010,82010,582010,1162010,52010,1312010,2892010,02010,02010,02010
FEC2010,82010,582010,115.72010,52010,1312010,288.82010,02010,02010,02010,Total2010,82010,582010,1162010,52010,1312010,2892010,02010,02010,02010
FEC2010,82010,582010,115.72010,52010,1312010,288.82010,02010,02010,02010,Total2010,82010,582010,1162010,52010,1312010,2892010,02010,02010,02010
FEC2010,82010,582010,115.72010,52010,1312010,288.82010,02010,02010,02010,Total2010,82010,582010,1162010,52010,1312010,2892010,02010,02010,02010
