Number Pending - Simple,Median No. of Days - Simple,Average No. of Days - Simple,Number Pending - Complex,Median No. of Days - Complex,Average No. of Days - Complex,Number Pending - Expedited,Median No. of Days - Expedited,Average No. of Days - Expedited,Year
FTC2010,42010,522010,51.752010,282010,1002010,1222010,02010,Total2010,42010,522010,522010,282010,1002010,1222010,02010,02010,02010
FTC2010,42010,522010,51.752010,282010,1002010,1222010,02010,Total2010,42010,522010,522010,282010,1002010,1222010,02010,02010,02010
FTC2010,42010,522010,51.752010,282010,1002010,1222010,02010,Total2010,42010,522010,522010,282010,1002010,1222010,02010,02010,02010
FTC2010,42010,522010,51.752010,282010,1002010,1222010,02010,Total2010,42010,522010,522010,282010,1002010,1222010,02010,02010,02010
