Number Pending - Simple,Median No. of Days - Simple,Average No. of Days - Simple,Number Pending - Complex,Median No. of Days - Complex,Average No. of Days - Complex,Number Pending - Expedited,Median No. of Days - Expedited,Average No. of Days - Expedited,Year
NEH2010,12010,72010,72010,32010,582010,44.32010,02010,02010,02010,Total2010,12010,72010,72010,32010,582010,442010,02010,02010,02010
NEH2010,12010,72010,72010,32010,582010,44.32010,02010,02010,02010,Total2010,12010,72010,72010,32010,582010,442010,02010,02010,02010
NEH2010,12010,72010,72010,32010,582010,44.32010,02010,02010,02010,Total2010,12010,72010,72010,32010,582010,442010,02010,02010,02010
NEH2010,12010,72010,72010,32010,582010,44.32010,02010,02010,02010,Total2010,12010,72010,72010,32010,582010,442010,02010,02010,02010
