Number Pending - Simple,Median No. of Days - Simple,Average No. of Days - Simple,Number Pending - Complex,Median No. of Days - Complex,Average No. of Days - Complex,Number Pending - Expedited,Median No. of Days - Expedited,Average No. of Days - Expedited,Year
OPIC2010,22010,23.52010,23.52010,02010,02010,02010,02010,02010,02010,Total2010,22010,242010,242010,02010,02010,02010,02010,02010,02010
OPIC2010,22010,23.52010,23.52010,02010,02010,02010,02010,02010,02010,Total2010,22010,242010,242010,02010,02010,02010,02010,02010,02010
OPIC2010,22010,23.52010,23.52010,02010,02010,02010,02010,02010,02010,Total2010,22010,242010,242010,02010,02010,02010,02010,02010,02010
OPIC2010,22010,23.52010,23.52010,02010,02010,02010,02010,02010,02010,Total2010,22010,242010,242010,02010,02010,02010,02010,02010,02010
