Number Pending - Simple,Median No. of Days - Simple,Average No. of Days - Simple,Number Pending - Complex,Median No. of Days - Complex,Average No. of Days - Complex,Number Pending - Expedited,Median No. of Days - Expedited,Average No. of Days - Expedited,Year
NEA2010,22010,15.52010,15.52010,52010,2322010,218.82010,02010,02010,02010,Total2010,22010,162010,162010,52010,2322010,2192010,02010,02010,02010
NEA2010,22010,15.52010,15.52010,52010,2322010,218.82010,02010,02010,02010,Total2010,22010,162010,162010,52010,2322010,2192010,02010,02010,02010
NEA2010,22010,15.52010,15.52010,52010,2322010,218.82010,02010,02010,02010,Total2010,22010,162010,162010,52010,2322010,2192010,02010,02010,02010
NEA2010,22010,15.52010,15.52010,52010,2322010,218.82010,02010,02010,02010,Total2010,22010,162010,162010,52010,2322010,2192010,02010,02010,02010
