Number Pending - Simple,Median No. of Days - Simple,Average No. of Days - Simple,Number Pending - Complex,Median No. of Days - Complex,Average No. of Days - Complex,Number Pending - Expedited,Median No. of Days - Expedited,Average No. of Days - Expedited,Year
NARA2010,14352010,8382010,970.62010,43702010,9892010,1199.62010,02010,Total2010,14352010,8382010,9712010,43702010,9892010,12002010,02010,02010,02010
NARA2010,14352010,8382010,970.62010,43702010,9892010,1199.62010,02010,Total2010,14352010,8382010,9712010,43702010,9892010,12002010,02010,02010,02010
NARA2010,14352010,8382010,970.62010,43702010,9892010,1199.62010,02010,Total2010,14352010,8382010,9712010,43702010,9892010,12002010,02010,02010,02010
NARA2010,14352010,8382010,970.62010,43702010,9892010,1199.62010,02010,Total2010,14352010,8382010,9712010,43702010,9892010,12002010,02010,02010,02010
