Number Pending - Simple,Median No. of Days - Simple,Average No. of Days - Simple,Number Pending - Complex,Median No. of Days - Complex,Average No. of Days - Complex,Number Pending - Expedited,Median No. of Days - Expedited,Average No. of Days - Expedited,Year
CFTC2010,192010,84.52010,102.52010,02010,02010,02010,02010,02010,02010,Total2010,192010,852010,1032010,02010,02010,02010,02010,02010,02010
CFTC2010,192010,84.52010,102.52010,02010,02010,02010,02010,02010,02010,Total2010,192010,852010,1032010,02010,02010,02010,02010,02010,02010
CFTC2010,192010,84.52010,102.52010,02010,02010,02010,02010,02010,02010,Total2010,192010,852010,1032010,02010,02010,02010,02010,02010,02010
CFTC2010,192010,84.52010,102.52010,02010,02010,02010,02010,02010,02010,Total2010,192010,852010,1032010,02010,02010,02010,02010,02010,02010
