Number Pending - Simple,Median No. of Days - Simple,Average No. of Days - Simple,Number Pending - Complex,Median No. of Days - Complex,Average No. of Days - Complex,Number Pending - Expedited,Median No. of Days - Expedited,Average No. of Days - Expedited,Year
CEQ2010,52010,13642010,1059.62010,02010,12010,242010,242010,Total2010,52010,13642010,10602010,02010,02010,02010,12010,242010,242010
CEQ2010,52010,13642010,1059.62010,02010,12010,242010,242010,Total2010,52010,13642010,10602010,02010,02010,02010,12010,242010,242010
CEQ2010,52010,13642010,1059.62010,02010,12010,242010,242010,Total2010,52010,13642010,10602010,02010,02010,02010,12010,242010,242010
CEQ2010,52010,13642010,1059.62010,02010,12010,242010,242010,Total2010,52010,13642010,10602010,02010,02010,02010,12010,242010,242010
