Number Pending - Simple,Median No. of Days - Simple,Average No. of Days - Simple,Number Pending - Complex,Median No. of Days - Complex,Average No. of Days - Complex,Number Pending - Expedited,Median No. of Days - Expedited,Average No. of Days - Expedited,Year
HQ2010,922010,26.52010,642010,02010,02010,02010,02010,02010,02010,Total2010,922010,272010,642010,02010,02010,02010,02010,02010,02010
HQ2010,922010,26.52010,642010,02010,02010,02010,02010,02010,02010,Total2010,922010,272010,642010,02010,02010,02010,02010,02010,02010
HQ2010,922010,26.52010,642010,02010,02010,02010,02010,02010,02010,Total2010,922010,272010,642010,02010,02010,02010,02010,02010,02010
HQ2010,922010,26.52010,642010,02010,02010,02010,02010,02010,02010,Total2010,922010,272010,642010,02010,02010,02010,02010,02010,02010
