Number Pending - Simple,Median No. of Days - Simple,Average No. of Days - Simple,Number Pending - Complex,Median No. of Days - Complex,Average No. of Days - Complex,Number Pending - Expedited,Median No. of Days - Expedited,Average No. of Days - Expedited,Year
USAID2010,652010,1532010,158.262010,2452010,2922010,340.922010,62010,3182010,312.172010,Total2010,652010,1532010,1582010,2452010,2922010,3412010,62010,3182010,3122010
USAID2010,652010,1532010,158.262010,2452010,2922010,340.922010,62010,3182010,312.172010,Total2010,652010,1532010,1582010,2452010,2922010,3412010,62010,3182010,3122010
USAID2010,652010,1532010,158.262010,2452010,2922010,340.922010,62010,3182010,312.172010,Total2010,652010,1532010,1582010,2452010,2922010,3412010,62010,3182010,3122010
USAID2010,652010,1532010,158.262010,2452010,2922010,340.922010,62010,3182010,312.172010,Total2010,652010,1532010,1582010,2452010,2922010,3412010,62010,3182010,3122010
