Number Pending - Simple,Median No. of Days - Simple,Average No. of Days - Simple,Number Pending - Complex,Median No. of Days - Complex,Average No. of Days - Complex,Number Pending - Expedited,Median No. of Days - Expedited,Average No. of Days - Expedited,Year
CIA2011,2142011,1852011,407.442011,6782011,219.52011,419.242011,122011,6102011,557.52011,Total2011,2142011,1852011,4072011,6782011,2202011,4192011,122011,6102011,5582011
CIA2011,2142011,1852011,407.442011,6782011,219.52011,419.242011,122011,6102011,557.52011,Total2011,2142011,1852011,4072011,6782011,2202011,4192011,122011,6102011,5582011
CIA2011,2142011,1852011,407.442011,6782011,219.52011,419.242011,122011,6102011,557.52011,Total2011,2142011,1852011,4072011,6782011,2202011,4192011,122011,6102011,5582011
CIA2011,2142011,1852011,407.442011,6782011,219.52011,419.242011,122011,6102011,557.52011,Total2011,2142011,1852011,4072011,6782011,2202011,4192011,122011,6102011,5582011
