Number Pending - Simple,Median No. of Days - Simple,Average No. of Days - Simple,Number Pending - Complex,Median No. of Days - Complex,Average No. of Days - Complex,Number Pending - Expedited,Median No. of Days - Expedited,Average No. of Days - Expedited,Year
PS2011,1252011,212011,54.862011,262011,322011,99.312011,02011,02011,02011,OIG2011,172011,82011,8.242011,12011,342011,342011,02011,02011,02011,PIS2011,142011,62011,67.292011,02011,02011,02011,02011,02011,02011,Total2011,1562011,162011,512011,272011,342011,972011,02011,02011,02011
PS2011,1252011,212011,54.862011,262011,322011,99.312011,02011,02011,02011,OIG2011,172011,82011,8.242011,12011,342011,342011,02011,02011,02011,PIS2011,142011,62011,67.292011,02011,02011,02011,02011,02011,02011,Total2011,1562011,162011,512011,272011,342011,972011,02011,02011,02011
PS2011,1252011,212011,54.862011,262011,322011,99.312011,02011,02011,02011,OIG2011,172011,82011,8.242011,12011,342011,342011,02011,02011,02011,PIS2011,142011,62011,67.292011,02011,02011,02011,02011,02011,02011,Total2011,1562011,162011,512011,272011,342011,972011,02011,02011,02011
PS2011,1252011,212011,54.862011,262011,322011,99.312011,02011,02011,02011,OIG2011,172011,82011,8.242011,12011,342011,342011,02011,02011,02011,PIS2011,142011,62011,67.292011,02011,02011,02011,02011,02011,02011,Total2011,1562011,162011,512011,272011,342011,972011,02011,02011,02011
PS2011,1252011,212011,54.862011,262011,322011,99.312011,02011,02011,02011,OIG2011,172011,82011,8.242011,12011,342011,342011,02011,02011,02011,PIS2011,142011,62011,67.292011,02011,02011,02011,02011,02011,02011,Total2011,1562011,162011,512011,272011,342011,972011,02011,02011,02011
PS2011,1252011,212011,54.862011,262011,322011,99.312011,02011,02011,02011,OIG2011,172011,82011,8.242011,12011,342011,342011,02011,02011,02011,PIS2011,142011,62011,67.292011,02011,02011,02011,02011,02011,02011,Total2011,1562011,162011,512011,272011,342011,972011,02011,02011,02011
