Number Pending - Simple,Median No. of Days - Simple,Average No. of Days - Simple,Number Pending - Complex,Median No. of Days - Complex,Average No. of Days - Complex,Number Pending - Expedited,Median No. of Days - Expedited,Average No. of Days - Expedited,Year
ODNI2011,1012011,3382011,335.682011,172011,1102011,263.592011,22011,277.52011,277.52011,Total2011,1012011,3382011,3362011,172011,1102011,2642011,22011,2782011,2782011
ODNI2011,1012011,3382011,335.682011,172011,1102011,263.592011,22011,277.52011,277.52011,Total2011,1012011,3382011,3362011,172011,1102011,2642011,22011,2782011,2782011
ODNI2011,1012011,3382011,335.682011,172011,1102011,263.592011,22011,277.52011,277.52011,Total2011,1012011,3382011,3362011,172011,1102011,2642011,22011,2782011,2782011
ODNI2011,1012011,3382011,335.682011,172011,1102011,263.592011,22011,277.52011,277.52011,Total2011,1012011,3382011,3362011,172011,1102011,2642011,22011,2782011,2782011
