Number Pending - Simple,Median No. of Days - Simple,Average No. of Days - Simple,Number Pending - Complex,Median No. of Days - Complex,Average No. of Days - Complex,Number Pending - Expedited,Median No. of Days - Expedited,Average No. of Days - Expedited,Year
CEQ2011,62011,712011,63.752011,152011,90.52011,117.72011,02011,02011,02011,Total2011,62011,712011,642011,152011,912011,1182011,02011,02011,02011
CEQ2011,62011,712011,63.752011,152011,90.52011,117.72011,02011,02011,02011,Total2011,62011,712011,642011,152011,912011,1182011,02011,02011,02011
CEQ2011,62011,712011,63.752011,152011,90.52011,117.72011,02011,02011,02011,Total2011,62011,712011,642011,152011,912011,1182011,02011,02011,02011
CEQ2011,62011,712011,63.752011,152011,90.52011,117.72011,02011,02011,02011,Total2011,62011,712011,642011,152011,912011,1182011,02011,02011,02011
