Number Pending - Simple,Median No. of Days - Simple,Average No. of Days - Simple,Number Pending - Complex,Median No. of Days - Complex,Average No. of Days - Complex,Number Pending - Expedited,Median No. of Days - Expedited,Average No. of Days - Expedited,Year
NEA2011,42011,7.52011,8.52011,32011,1342011,137.32011,32011,72011,23.32011,Total2011,42011,82011,92011,32011,1342011,1372011,32011,72011,232011
NEA2011,42011,7.52011,8.52011,32011,1342011,137.32011,32011,72011,23.32011,Total2011,42011,82011,92011,32011,1342011,1372011,32011,72011,232011
NEA2011,42011,7.52011,8.52011,32011,1342011,137.32011,32011,72011,23.32011,Total2011,42011,82011,92011,32011,1342011,1372011,32011,72011,232011
NEA2011,42011,7.52011,8.52011,32011,1342011,137.32011,32011,72011,23.32011,Total2011,42011,82011,92011,32011,1342011,1372011,32011,72011,232011
