Number Pending - Simple,Median No. of Days - Simple,Average No. of Days - Simple,Number Pending - Complex,Median No. of Days - Complex,Average No. of Days - Complex,Number Pending - Expedited,Median No. of Days - Expedited,Average No. of Days - Expedited,Year
FCA2011,22011,7.52011,7.52011,02011,02011,Total2011,22011,82011,82011,02011,02011,02011,02011,02011,02011
FCA2011,22011,7.52011,7.52011,02011,02011,Total2011,22011,82011,82011,02011,02011,02011,02011,02011,02011
FCA2011,22011,7.52011,7.52011,02011,02011,Total2011,22011,82011,82011,02011,02011,02011,02011,02011,02011
FCA2011,22011,7.52011,7.52011,02011,02011,Total2011,22011,82011,82011,02011,02011,02011,02011,02011,02011
