Number Pending - Simple,Median No. of Days - Simple,Average No. of Days - Simple,Number Pending - Complex,Median No. of Days - Complex,Average No. of Days - Complex,Number Pending - Expedited,Median No. of Days - Expedited,Average No. of Days - Expedited,Year
FHFA FOIA2011,22011,132011,132011,92011,82011,49.782011,32011,152011,11.342011,FHFA-OIG2011,02011,02011,02011,02011,02011,02011,02011,02011,02011,Total2011,22011,132011,132011,92011,82011,502011,32011,152011,112011
FHFA FOIA2011,22011,132011,132011,92011,82011,49.782011,32011,152011,11.342011,FHFA-OIG2011,02011,02011,02011,02011,02011,02011,02011,02011,02011,Total2011,22011,132011,132011,92011,82011,502011,32011,152011,112011
FHFA FOIA2011,22011,132011,132011,92011,82011,49.782011,32011,152011,11.342011,FHFA-OIG2011,02011,02011,02011,02011,02011,02011,02011,02011,02011,Total2011,22011,132011,132011,92011,82011,502011,32011,152011,112011
FHFA FOIA2011,22011,132011,132011,92011,82011,49.782011,32011,152011,11.342011,FHFA-OIG2011,02011,02011,02011,02011,02011,02011,02011,02011,02011,Total2011,22011,132011,132011,92011,82011,502011,32011,152011,112011
FHFA FOIA2011,22011,132011,132011,92011,82011,49.782011,32011,152011,11.342011,FHFA-OIG2011,02011,02011,02011,02011,02011,02011,02011,02011,02011,Total2011,22011,132011,132011,92011,82011,502011,32011,152011,112011
