Number Pending - Simple,Median No. of Days - Simple,Average No. of Days - Simple,Number Pending - Complex,Median No. of Days - Complex,Average No. of Days - Complex,Number Pending - Expedited,Median No. of Days - Expedited,Average No. of Days - Expedited,Year
IMLS2011,72011,42011,4.52011,02011,02011,02011,02011,02011,02011,Total2011,72011,42011,52011,02011,02011,02011,02011,02011,02011
IMLS2011,72011,42011,4.52011,02011,02011,02011,02011,02011,02011,Total2011,72011,42011,52011,02011,02011,02011,02011,02011,02011
IMLS2011,72011,42011,4.52011,02011,02011,02011,02011,02011,02011,Total2011,72011,42011,52011,02011,02011,02011,02011,02011,02011
IMLS2011,72011,42011,4.52011,02011,02011,02011,02011,02011,02011,Total2011,72011,42011,52011,02011,02011,02011,02011,02011,02011
