Number Pending - Simple,Median No. of Days - Simple,Average No. of Days - Simple,Number Pending - Complex,Median No. of Days - Complex,Average No. of Days - Complex,Number Pending - Expedited,Median No. of Days - Expedited,Average No. of Days - Expedited,Year
SBA2011,172011,62011,6.882011,02011,02011,Total2011,172011,62011,72011,02011,02011,02011,02011,02011,02011
SBA2011,172011,62011,6.882011,02011,02011,Total2011,172011,62011,72011,02011,02011,02011,02011,02011,02011
SBA2011,172011,62011,6.882011,02011,02011,Total2011,172011,62011,72011,02011,02011,02011,02011,02011,02011
SBA2011,172011,62011,6.882011,02011,02011,Total2011,172011,62011,72011,02011,02011,02011,02011,02011,02011
