Number Pending - Simple,Median No. of Days - Simple,Average No. of Days - Simple,Number Pending - Complex,Median No. of Days - Complex,Average No. of Days - Complex,Number Pending - Expedited,Median No. of Days - Expedited,Average No. of Days - Expedited,Year
NIGC2011,32011,1732011,972011,102011,1612011,140.62011,02011,Total2011,32011,1732011,972011,102011,1612011,1412011,02011,02011,02011
NIGC2011,32011,1732011,972011,102011,1612011,140.62011,02011,Total2011,32011,1732011,972011,102011,1612011,1412011,02011,02011,02011
NIGC2011,32011,1732011,972011,102011,1612011,140.62011,02011,Total2011,32011,1732011,972011,102011,1612011,1412011,02011,02011,02011
NIGC2011,32011,1732011,972011,102011,1612011,140.62011,02011,Total2011,32011,1732011,972011,102011,1612011,1412011,02011,02011,02011
