Number Pending - Simple,Median No. of Days - Simple,Average No. of Days - Simple,Number Pending - Complex,Median No. of Days - Complex,Average No. of Days - Complex,Number Pending - Expedited,Median No. of Days - Expedited,Average No. of Days - Expedited,Year
USAID2011,462011,127.52011,166.912011,1882011,2492011,324.182011,52011,1352011,192.82011,Total2011,462011,1282011,1672011,1882011,2492011,3242011,52011,1352011,1932011
USAID2011,462011,127.52011,166.912011,1882011,2492011,324.182011,52011,1352011,192.82011,Total2011,462011,1282011,1672011,1882011,2492011,3242011,52011,1352011,1932011
USAID2011,462011,127.52011,166.912011,1882011,2492011,324.182011,52011,1352011,192.82011,Total2011,462011,1282011,1672011,1882011,2492011,3242011,52011,1352011,1932011
USAID2011,462011,127.52011,166.912011,1882011,2492011,324.182011,52011,1352011,192.82011,Total2011,462011,1282011,1672011,1882011,2492011,3242011,52011,1352011,1932011
