Number Pending - Simple,Median No. of Days - Simple,Average No. of Days - Simple,Number Pending - Complex,Median No. of Days - Complex,Average No. of Days - Complex,Number Pending - Expedited,Median No. of Days - Expedited,Average No. of Days - Expedited,Year
FMC2011,02011,02011,02011,362011,114.52011,136.612011,02011,02011,02011,Total2011,02011,02011,02011,362011,1152011,1372011,02011,02011,02011
FMC2011,02011,02011,02011,362011,114.52011,136.612011,02011,02011,02011,Total2011,02011,02011,02011,362011,1152011,1372011,02011,02011,02011
FMC2011,02011,02011,02011,362011,114.52011,136.612011,02011,02011,02011,Total2011,02011,02011,02011,362011,1152011,1372011,02011,02011,02011
FMC2011,02011,02011,02011,362011,114.52011,136.612011,02011,02011,02011,Total2011,02011,02011,02011,362011,1152011,1372011,02011,02011,02011
