Number Pending - Simple,Median No. of Days - Simple,Average No. of Days - Simple,Number Pending - Complex,Median No. of Days - Complex,Average No. of Days - Complex,Number Pending - Expedited,Median No. of Days - Expedited,Average No. of Days - Expedited,Year
FTC2011,152011,12011,1.532011,152011,172011,67.072011,02011,02011,02011,Total2011,152011,12011,22011,152011,172011,672011,02011,02011,02011
FTC2011,152011,12011,1.532011,152011,172011,67.072011,02011,02011,02011,Total2011,152011,12011,22011,152011,172011,672011,02011,02011,02011
FTC2011,152011,12011,1.532011,152011,172011,67.072011,02011,02011,02011,Total2011,152011,12011,22011,152011,172011,672011,02011,02011,02011
FTC2011,152011,12011,1.532011,152011,172011,67.072011,02011,02011,02011,Total2011,152011,12011,22011,152011,172011,672011,02011,02011,02011
