Number Pending - Simple,Median No. of Days - Simple,Average No. of Days - Simple,Number Pending - Complex,Median No. of Days - Complex,Average No. of Days - Complex,Number Pending - Expedited,Median No. of Days - Expedited,Average No. of Days - Expedited,Year
NARA2011,21622011,4512011,805.232011,48982011,10152011,1269.32011,02011,Total2011,21622011,4512011,8052011,48982011,10152011,12692011,02011,02011,02011
NARA2011,21622011,4512011,805.232011,48982011,10152011,1269.32011,02011,Total2011,21622011,4512011,8052011,48982011,10152011,12692011,02011,02011,02011
NARA2011,21622011,4512011,805.232011,48982011,10152011,1269.32011,02011,Total2011,21622011,4512011,8052011,48982011,10152011,12692011,02011,02011,02011
NARA2011,21622011,4512011,805.232011,48982011,10152011,1269.32011,02011,Total2011,21622011,4512011,8052011,48982011,10152011,12692011,02011,02011,02011
