Number Pending - Simple,Median No. of Days - Simple,Average No. of Days - Simple,Number Pending - Complex,Median No. of Days - Complex,Average No. of Days - Complex,Number Pending - Expedited,Median No. of Days - Expedited,Average No. of Days - Expedited,Year
FEC2012,12012,62012,62012,72012,422012,102.12012,02012,02012,02012,Total2012,12012,62012,62012,72012,422012,1022012,02012,02012,02012
FEC2012,12012,62012,62012,72012,422012,102.12012,02012,02012,02012,Total2012,12012,62012,62012,72012,422012,1022012,02012,02012,02012
FEC2012,12012,62012,62012,72012,422012,102.12012,02012,02012,02012,Total2012,12012,62012,62012,72012,422012,1022012,02012,02012,02012
FEC2012,12012,62012,62012,72012,422012,102.12012,02012,02012,02012,Total2012,12012,62012,62012,72012,422012,1022012,02012,02012,02012
