Number Pending - Simple,Median No. of Days - Simple,Average No. of Days - Simple,Number Pending - Complex,Median No. of Days - Complex,Average No. of Days - Complex,Number Pending - Expedited,Median No. of Days - Expedited,Average No. of Days - Expedited,Year
FOMC2012,02012,02012,02012,82012,912012,74.42012,02012,02012,02012,Total2012,02012,02012,02012,82012,912012,742012,02012,02012,02012
FOMC2012,02012,02012,02012,82012,912012,74.42012,02012,02012,02012,Total2012,02012,02012,02012,82012,912012,742012,02012,02012,02012
FOMC2012,02012,02012,02012,82012,912012,74.42012,02012,02012,02012,Total2012,02012,02012,02012,82012,912012,742012,02012,02012,02012
FOMC2012,02012,02012,02012,82012,912012,74.42012,02012,02012,02012,Total2012,02012,02012,02012,82012,912012,742012,02012,02012,02012
