Number Pending - Simple,Median No. of Days - Simple,Average No. of Days - Simple,Number Pending - Complex,Median No. of Days - Complex,Average No. of Days - Complex,Number Pending - Expedited,Median No. of Days - Expedited,Average No. of Days - Expedited,Year
SBA2012,432012,112012,24.422012,02012,02012,Total2012,432012,112012,242012,02012,02012,02012,02012,02012,02012
SBA2012,432012,112012,24.422012,02012,02012,Total2012,432012,112012,242012,02012,02012,02012,02012,02012,02012
SBA2012,432012,112012,24.422012,02012,02012,Total2012,432012,112012,242012,02012,02012,02012,02012,02012,02012
SBA2012,432012,112012,24.422012,02012,02012,Total2012,432012,112012,242012,02012,02012,02012,02012,02012,02012
