Number Pending - Simple,Median No. of Days - Simple,Average No. of Days - Simple,Number Pending - Complex,Median No. of Days - Complex,Average No. of Days - Complex,Number Pending - Expedited,Median No. of Days - Expedited,Average No. of Days - Expedited,Year
USAID2012,222012,261.52012,266.272012,1872012,2142012,270.672012,22012,3582012,3582012,Total2012,222012,2622012,2662012,1872012,2142012,2712012,22012,3582012,3582012
USAID2012,222012,261.52012,266.272012,1872012,2142012,270.672012,22012,3582012,3582012,Total2012,222012,2622012,2662012,1872012,2142012,2712012,22012,3582012,3582012
USAID2012,222012,261.52012,266.272012,1872012,2142012,270.672012,22012,3582012,3582012,Total2012,222012,2622012,2662012,1872012,2142012,2712012,22012,3582012,3582012
USAID2012,222012,261.52012,266.272012,1872012,2142012,270.672012,22012,3582012,3582012,Total2012,222012,2622012,2662012,1872012,2142012,2712012,22012,3582012,3582012
