Number Pending - Simple,Median No. of Days - Simple,Average No. of Days - Simple,Number Pending - Complex,Median No. of Days - Complex,Average No. of Days - Complex,Number Pending - Expedited,Median No. of Days - Expedited,Average No. of Days - Expedited,Year
FMSHRC2012,32012,22012,2.62012,02012,02012,02012,02012,02012,02012,Total2012,32012,22012,32012,02012,02012,02012,02012,02012,02012
FMSHRC2012,32012,22012,2.62012,02012,02012,02012,02012,02012,02012,Total2012,32012,22012,32012,02012,02012,02012,02012,02012,02012
FMSHRC2012,32012,22012,2.62012,02012,02012,02012,02012,02012,02012,Total2012,32012,22012,32012,02012,02012,02012,02012,02012,02012
FMSHRC2012,32012,22012,2.62012,02012,02012,02012,02012,02012,02012,Total2012,32012,22012,32012,02012,02012,02012,02012,02012,02012
