Number Pending - Simple,Median No. of Days - Simple,Average No. of Days - Simple,Number Pending - Complex,Median No. of Days - Complex,Average No. of Days - Complex,Number Pending - Expedited,Median No. of Days - Expedited,Average No. of Days - Expedited,Year
FTC2012,22012,52012,52012,52012,62012,22.82012,02012,02012,02012,Total2012,22012,52012,52012,52012,62012,232012,02012,02012,02012
FTC2012,22012,52012,52012,52012,62012,22.82012,02012,02012,02012,Total2012,22012,52012,52012,52012,62012,232012,02012,02012,02012
FTC2012,22012,52012,52012,52012,62012,22.82012,02012,02012,02012,Total2012,22012,52012,52012,52012,62012,232012,02012,02012,02012
FTC2012,22012,52012,52012,52012,62012,22.82012,02012,02012,02012,Total2012,22012,52012,52012,52012,62012,232012,02012,02012,02012
