Number Pending - Simple,Median No. of Days - Simple,Average No. of Days - Simple,Number Pending - Complex,Median No. of Days - Complex,Average No. of Days - Complex,Number Pending - Expedited,Median No. of Days - Expedited,Average No. of Days - Expedited,Year
NARA2012,20982012,4152012,685.152012,42302012,1001.52012,1293.22012,22012,542012,542012,Total2012,20982012,4152012,6852012,42302012,10022012,12932012,22012,542012,542012
NARA2012,20982012,4152012,685.152012,42302012,1001.52012,1293.22012,22012,542012,542012,Total2012,20982012,4152012,6852012,42302012,10022012,12932012,22012,542012,542012
NARA2012,20982012,4152012,685.152012,42302012,1001.52012,1293.22012,22012,542012,542012,Total2012,20982012,4152012,6852012,42302012,10022012,12932012,22012,542012,542012
NARA2012,20982012,4152012,685.152012,42302012,1001.52012,1293.22012,22012,542012,542012,Total2012,20982012,4152012,6852012,42302012,10022012,12932012,22012,542012,542012
