Number Pending - Simple,Median No. of Days - Simple,Average No. of Days - Simple,Number Pending - Complex,Median No. of Days - Complex,Average No. of Days - Complex,Number Pending - Expedited,Median No. of Days - Expedited,Average No. of Days - Expedited,Year
NCUA2012,32012,132012,11.662012,42012,90.52012,106.52012,12012,1232012,1232012,Total2012,32012,132012,122012,42012,912012,1072012,12012,1232012,1232012
NCUA2012,32012,132012,11.662012,42012,90.52012,106.52012,12012,1232012,1232012,Total2012,32012,132012,122012,42012,912012,1072012,12012,1232012,1232012
NCUA2012,32012,132012,11.662012,42012,90.52012,106.52012,12012,1232012,1232012,Total2012,32012,132012,122012,42012,912012,1072012,12012,1232012,1232012
NCUA2012,32012,132012,11.662012,42012,90.52012,106.52012,12012,1232012,1232012,Total2012,32012,132012,122012,42012,912012,1072012,12012,1232012,1232012
