Number Pending - Simple,Median No. of Days - Simple,Average No. of Days - Simple,Number Pending - Complex,Median No. of Days - Complex,Average No. of Days - Complex,Number Pending - Expedited,Median No. of Days - Expedited,Average No. of Days - Expedited,Year
CFTC2012,162012,302012,362012,302012,89.52012,1392012,02012,Total2012,162012,302012,362012,302012,902012,1392012,02012,02012,02012
CFTC2012,162012,302012,362012,302012,89.52012,1392012,02012,Total2012,162012,302012,362012,302012,902012,1392012,02012,02012,02012
CFTC2012,162012,302012,362012,302012,89.52012,1392012,02012,Total2012,162012,302012,362012,302012,902012,1392012,02012,02012,02012
CFTC2012,162012,302012,362012,302012,89.52012,1392012,02012,Total2012,162012,302012,362012,302012,902012,1392012,02012,02012,02012
