Number Pending - Simple,Median No. of Days - Simple,Average No. of Days - Simple,Number Pending - Complex,Median No. of Days - Complex,Average No. of Days - Complex,Number Pending - Expedited,Median No. of Days - Expedited,Average No. of Days - Expedited,Year
GSA2012,1812012,342012,52.482012,02012,02012,02012,02012,02012,02012,Total2012,1812012,342012,522012,02012,02012,02012,02012,02012,02012
GSA2012,1812012,342012,52.482012,02012,02012,02012,02012,02012,02012,Total2012,1812012,342012,522012,02012,02012,02012,02012,02012,02012
GSA2012,1812012,342012,52.482012,02012,02012,02012,02012,02012,02012,Total2012,1812012,342012,522012,02012,02012,02012,02012,02012,02012
GSA2012,1812012,342012,52.482012,02012,02012,02012,02012,02012,02012,Total2012,1812012,342012,522012,02012,02012,02012,02012,02012,02012
