Number Pending - Simple,Median No. of Days - Simple,Average No. of Days - Simple,Number Pending - Complex,Median No. of Days - Complex,Average No. of Days - Complex,Number Pending - Expedited,Median No. of Days - Expedited,Average No. of Days - Expedited,Year
NIGC2012,252012,1272012,140.282012,42012,2592012,2582012,02012,02012,02012,Total2012,252012,1272012,1402012,42012,2592012,2582012,02012,02012,02012
NIGC2012,252012,1272012,140.282012,42012,2592012,2582012,02012,02012,02012,Total2012,252012,1272012,1402012,42012,2592012,2582012,02012,02012,02012
NIGC2012,252012,1272012,140.282012,42012,2592012,2582012,02012,02012,02012,Total2012,252012,1272012,1402012,42012,2592012,2582012,02012,02012,02012
NIGC2012,252012,1272012,140.282012,42012,2592012,2582012,02012,02012,02012,Total2012,252012,1272012,1402012,42012,2592012,2582012,02012,02012,02012
