Number Pending - Simple,Median No. of Days - Simple,Average No. of Days - Simple,Number Pending - Complex,Median No. of Days - Complex,Average No. of Days - Complex,Number Pending - Expedited,Median No. of Days - Expedited,Average No. of Days - Expedited,Year
CEQ2012,02012,122012,2312012,237.62012,02012,Total2012,02012,02012,02012,122012,2312012,2382012,02012,02012,02012
CEQ2012,02012,122012,2312012,237.62012,02012,Total2012,02012,02012,02012,122012,2312012,2382012,02012,02012,02012
CEQ2012,02012,122012,2312012,237.62012,02012,Total2012,02012,02012,02012,122012,2312012,2382012,02012,02012,02012
CEQ2012,02012,122012,2312012,237.62012,02012,Total2012,02012,02012,02012,122012,2312012,2382012,02012,02012,02012
