Number Pending - Simple,Median No. of Days - Simple,Average No. of Days - Simple,Number Pending - Complex,Median No. of Days - Complex,Average No. of Days - Complex,Number Pending - Expedited,Median No. of Days - Expedited,Average No. of Days - Expedited,Year
DoS2012,24412012,39.32012,165.62012,71272012,285.72012,505.82012,202012,147.92012,428.652012,OIG2012,72012,32012,5.142012,02012,02012,02012,02012,02012,02012,Total2012,24482012,392012,1652012,71272012,2862012,5062012,202012,1482012,4292012
DoS2012,24412012,39.32012,165.62012,71272012,285.72012,505.82012,202012,147.92012,428.652012,OIG2012,72012,32012,5.142012,02012,02012,02012,02012,02012,02012,Total2012,24482012,392012,1652012,71272012,2862012,5062012,202012,1482012,4292012
DoS2012,24412012,39.32012,165.62012,71272012,285.72012,505.82012,202012,147.92012,428.652012,OIG2012,72012,32012,5.142012,02012,02012,02012,02012,02012,02012,Total2012,24482012,392012,1652012,71272012,2862012,5062012,202012,1482012,4292012
DoS2012,24412012,39.32012,165.62012,71272012,285.72012,505.82012,202012,147.92012,428.652012,OIG2012,72012,32012,5.142012,02012,02012,02012,02012,02012,02012,Total2012,24482012,392012,1652012,71272012,2862012,5062012,202012,1482012,4292012
DoS2012,24412012,39.32012,165.62012,71272012,285.72012,505.82012,202012,147.92012,428.652012,OIG2012,72012,32012,5.142012,02012,02012,02012,02012,02012,02012,Total2012,24482012,392012,1652012,71272012,2862012,5062012,202012,1482012,4292012
