Number Pending - Simple,Median No. of Days - Simple,Average No. of Days - Simple,Number Pending - Complex,Median No. of Days - Complex,Average No. of Days - Complex,Number Pending - Expedited,Median No. of Days - Expedited,Average No. of Days - Expedited,Year
FMC2012,02012,02012,02012,152012,1542012,213.22012,12012,12012,12012,Total2012,02012,02012,02012,152012,1542012,2132012,12012,12012,12012
FMC2012,02012,02012,02012,152012,1542012,213.22012,12012,12012,12012,Total2012,02012,02012,02012,152012,1542012,2132012,12012,12012,12012
FMC2012,02012,02012,02012,152012,1542012,213.22012,12012,12012,12012,Total2012,02012,02012,02012,152012,1542012,2132012,12012,12012,12012
FMC2012,02012,02012,02012,152012,1542012,213.22012,12012,12012,12012,Total2012,02012,02012,02012,152012,1542012,2132012,12012,12012,12012
