Number Pending - Simple,Median No. of Days - Simple,Average No. of Days - Simple,Number Pending - Complex,Median No. of Days - Complex,Average No. of Days - Complex,Number Pending - Expedited,Median No. of Days - Expedited,Average No. of Days - Expedited,Year
CO2012,32012,932012,108.72012,12012,7152012,7152012,02012,02012,02012,Total2012,32012,932012,1092012,12012,7152012,7152012,02012,02012,02012
CO2012,32012,932012,108.72012,12012,7152012,7152012,02012,02012,02012,Total2012,32012,932012,1092012,12012,7152012,7152012,02012,02012,02012
CO2012,32012,932012,108.72012,12012,7152012,7152012,02012,02012,02012,Total2012,32012,932012,1092012,12012,7152012,7152012,02012,02012,02012
CO2012,32012,932012,108.72012,12012,7152012,7152012,02012,02012,02012,Total2012,32012,932012,1092012,12012,7152012,7152012,02012,02012,02012
