Number Pending - Simple,Median No. of Days - Simple,Average No. of Days - Simple,Number Pending - Complex,Median No. of Days - Complex,Average No. of Days - Complex,Number Pending - Expedited,Median No. of Days - Expedited,Average No. of Days - Expedited,Year
FHFA FOIA2012,12012,572012,572012,102012,34.52012,392012,02012,02012,02012,FHFA-OIG2012,02012,02012,02012,02012,02012,02012,02012,02012,02012,Total2012,12012,572012,572012,102012,352012,392012,02012,02012,02012
FHFA FOIA2012,12012,572012,572012,102012,34.52012,392012,02012,02012,02012,FHFA-OIG2012,02012,02012,02012,02012,02012,02012,02012,02012,02012,Total2012,12012,572012,572012,102012,352012,392012,02012,02012,02012
FHFA FOIA2012,12012,572012,572012,102012,34.52012,392012,02012,02012,02012,FHFA-OIG2012,02012,02012,02012,02012,02012,02012,02012,02012,02012,Total2012,12012,572012,572012,102012,352012,392012,02012,02012,02012
FHFA FOIA2012,12012,572012,572012,102012,34.52012,392012,02012,02012,02012,FHFA-OIG2012,02012,02012,02012,02012,02012,02012,02012,02012,02012,Total2012,12012,572012,572012,102012,352012,392012,02012,02012,02012
FHFA FOIA2012,12012,572012,572012,102012,34.52012,392012,02012,02012,02012,FHFA-OIG2012,02012,02012,02012,02012,02012,02012,02012,02012,02012,Total2012,12012,572012,572012,102012,352012,392012,02012,02012,02012
