Number Pending - Simple,Median No. of Days - Simple,Average No. of Days - Simple,Number Pending - Complex,Median No. of Days - Complex,Average No. of Days - Complex,Number Pending - Expedited,Median No. of Days - Expedited,Average No. of Days - Expedited,Year
PS2012,702012,16.52012,32.542012,422012,65.52012,127.262012,02012,02012,02012,OIG2012,222012,62012,6.452012,12012,102012,102012,12012,22012,22012,PIS2012,92012,102012,11.892012,12012,132012,132012,02012,02012,02012,Total2012,1012012,112012,252012,442012,642012,1222012,12012,22012,22012
PS2012,702012,16.52012,32.542012,422012,65.52012,127.262012,02012,02012,02012,OIG2012,222012,62012,6.452012,12012,102012,102012,12012,22012,22012,PIS2012,92012,102012,11.892012,12012,132012,132012,02012,02012,02012,Total2012,1012012,112012,252012,442012,642012,1222012,12012,22012,22012
PS2012,702012,16.52012,32.542012,422012,65.52012,127.262012,02012,02012,02012,OIG2012,222012,62012,6.452012,12012,102012,102012,12012,22012,22012,PIS2012,92012,102012,11.892012,12012,132012,132012,02012,02012,02012,Total2012,1012012,112012,252012,442012,642012,1222012,12012,22012,22012
PS2012,702012,16.52012,32.542012,422012,65.52012,127.262012,02012,02012,02012,OIG2012,222012,62012,6.452012,12012,102012,102012,12012,22012,22012,PIS2012,92012,102012,11.892012,12012,132012,132012,02012,02012,02012,Total2012,1012012,112012,252012,442012,642012,1222012,12012,22012,22012
PS2012,702012,16.52012,32.542012,422012,65.52012,127.262012,02012,02012,02012,OIG2012,222012,62012,6.452012,12012,102012,102012,12012,22012,22012,PIS2012,92012,102012,11.892012,12012,132012,132012,02012,02012,02012,Total2012,1012012,112012,252012,442012,642012,1222012,12012,22012,22012
PS2012,702012,16.52012,32.542012,422012,65.52012,127.262012,02012,02012,02012,OIG2012,222012,62012,6.452012,12012,102012,102012,12012,22012,22012,PIS2012,92012,102012,11.892012,12012,132012,132012,02012,02012,02012,Total2012,1012012,112012,252012,442012,642012,1222012,12012,22012,22012
