Number Pending - Simple,Median No. of Days - Simple,Average No. of Days - Simple,Number Pending - Complex,Median No. of Days - Complex,Average No. of Days - Complex,Number Pending - Expedited,Median No. of Days - Expedited,Average No. of Days - Expedited,Year
USIBWC2012,02012,02012,02012,32012,302012,36.32012,02012,02012,02012,Total2012,02012,02012,02012,32012,302012,362012,02012,02012,02012
USIBWC2012,02012,02012,02012,32012,302012,36.32012,02012,02012,02012,Total2012,02012,02012,02012,32012,302012,362012,02012,02012,02012
USIBWC2012,02012,02012,02012,32012,302012,36.32012,02012,02012,02012,Total2012,02012,02012,02012,32012,302012,362012,02012,02012,02012
USIBWC2012,02012,02012,02012,32012,302012,36.32012,02012,02012,02012,Total2012,02012,02012,02012,32012,302012,362012,02012,02012,02012
