Number Pending - Simple,Median No. of Days - Simple,Average No. of Days - Simple,Number Pending - Complex,Median No. of Days - Complex,Average No. of Days - Complex,Number Pending - Expedited,Median No. of Days - Expedited,Average No. of Days - Expedited,Year
FERC2013,62013,72013,7.52013,92013,232013,772013,02013,Total2013,62013,72013,82013,92013,232013,772013,02013,02013,02013
FERC2013,62013,72013,7.52013,92013,232013,772013,02013,Total2013,62013,72013,82013,92013,232013,772013,02013,02013,02013
FERC2013,62013,72013,7.52013,92013,232013,772013,02013,Total2013,62013,72013,82013,92013,232013,772013,02013,02013,02013
FERC2013,62013,72013,7.52013,92013,232013,772013,02013,Total2013,62013,72013,82013,92013,232013,772013,02013,02013,02013
