Number Pending - Simple,Median No. of Days - Simple,Average No. of Days - Simple,Number Pending - Complex,Median No. of Days - Complex,Average No. of Days - Complex,Number Pending - Expedited,Median No. of Days - Expedited,Average No. of Days - Expedited,Year
PS2013,952013,372013,64.122013,642013,532013,131.522013,02013,OIG2013,192013,42013,6.792013,22013,60.52013,60.52013,02013,PIS2013,172013,102013,38.652013,02013,02013,Total2013,1312013,242013,532013,662013,532013,1292013,02013,02013,02013
PS2013,952013,372013,64.122013,642013,532013,131.522013,02013,OIG2013,192013,42013,6.792013,22013,60.52013,60.52013,02013,PIS2013,172013,102013,38.652013,02013,02013,Total2013,1312013,242013,532013,662013,532013,1292013,02013,02013,02013
PS2013,952013,372013,64.122013,642013,532013,131.522013,02013,OIG2013,192013,42013,6.792013,22013,60.52013,60.52013,02013,PIS2013,172013,102013,38.652013,02013,02013,Total2013,1312013,242013,532013,662013,532013,1292013,02013,02013,02013
PS2013,952013,372013,64.122013,642013,532013,131.522013,02013,OIG2013,192013,42013,6.792013,22013,60.52013,60.52013,02013,PIS2013,172013,102013,38.652013,02013,02013,Total2013,1312013,242013,532013,662013,532013,1292013,02013,02013,02013
PS2013,952013,372013,64.122013,642013,532013,131.522013,02013,OIG2013,192013,42013,6.792013,22013,60.52013,60.52013,02013,PIS2013,172013,102013,38.652013,02013,02013,Total2013,1312013,242013,532013,662013,532013,1292013,02013,02013,02013
PS2013,952013,372013,64.122013,642013,532013,131.522013,02013,OIG2013,192013,42013,6.792013,22013,60.52013,60.52013,02013,PIS2013,172013,102013,38.652013,02013,02013,Total2013,1312013,242013,532013,662013,532013,1292013,02013,02013,02013
