Number Pending - Simple,Median No. of Days - Simple,Average No. of Days - Simple,Number Pending - Complex,Median No. of Days - Complex,Average No. of Days - Complex,Number Pending - Expedited,Median No. of Days - Expedited,Average No. of Days - Expedited,Year
FDIC2013,222013,5.52013,62013,22013,282013,282013,02013,Total2013,222013,62013,62013,22013,282013,282013,02013,02013,02013
FDIC2013,222013,5.52013,62013,22013,282013,282013,02013,Total2013,222013,62013,62013,22013,282013,282013,02013,02013,02013
FDIC2013,222013,5.52013,62013,22013,282013,282013,02013,Total2013,222013,62013,62013,22013,282013,282013,02013,02013,02013
FDIC2013,222013,5.52013,62013,22013,282013,282013,02013,Total2013,222013,62013,62013,22013,282013,282013,02013,02013,02013
