Number Pending - Simple,Median No. of Days - Simple,Average No. of Days - Simple,Number Pending - Complex,Median No. of Days - Complex,Average No. of Days - Complex,Number Pending - Expedited,Median No. of Days - Expedited,Average No. of Days - Expedited,Year
ODNI2013,1292013,268.52013,332.532013,262013,1292013,287.622013,02013,Total2013,1292013,2692013,3332013,262013,1292013,2882013,02013,02013,02013
ODNI2013,1292013,268.52013,332.532013,262013,1292013,287.622013,02013,Total2013,1292013,2692013,3332013,262013,1292013,2882013,02013,02013,02013
ODNI2013,1292013,268.52013,332.532013,262013,1292013,287.622013,02013,Total2013,1292013,2692013,3332013,262013,1292013,2882013,02013,02013,02013
ODNI2013,1292013,268.52013,332.532013,262013,1292013,287.622013,02013,Total2013,1292013,2692013,3332013,262013,1292013,2882013,02013,02013,02013
