Number Pending - Simple,Median No. of Days - Simple,Average No. of Days - Simple,Number Pending - Complex,Median No. of Days - Complex,Average No. of Days - Complex,Number Pending - Expedited,Median No. of Days - Expedited,Average No. of Days - Expedited,Year
CO2013,32013,572013,144.32013,02013,02013,Total2013,32013,572013,1442013,02013,02013,02013,02013,02013,02013
CO2013,32013,572013,144.32013,02013,02013,Total2013,32013,572013,1442013,02013,02013,02013,02013,02013,02013
CO2013,32013,572013,144.32013,02013,02013,Total2013,32013,572013,1442013,02013,02013,02013,02013,02013,02013
CO2013,32013,572013,144.32013,02013,02013,Total2013,32013,572013,1442013,02013,02013,02013,02013,02013,02013
