Number Pending - Simple,Median No. of Days - Simple,Average No. of Days - Simple,Number Pending - Complex,Median No. of Days - Complex,Average No. of Days - Complex,Number Pending - Expedited,Median No. of Days - Expedited,Average No. of Days - Expedited,Year
DoS2013,13582013,150.72013,318.92013,74442013,285.72013,517.72013,112013,1712013,5262013,OIG2013,92013,102013,232013,02013,02013,Total2013,13672013,1502013,3182013,74442013,2862013,5182013,112013,1712013,5262013
DoS2013,13582013,150.72013,318.92013,74442013,285.72013,517.72013,112013,1712013,5262013,OIG2013,92013,102013,232013,02013,02013,Total2013,13672013,1502013,3182013,74442013,2862013,5182013,112013,1712013,5262013
DoS2013,13582013,150.72013,318.92013,74442013,285.72013,517.72013,112013,1712013,5262013,OIG2013,92013,102013,232013,02013,02013,Total2013,13672013,1502013,3182013,74442013,2862013,5182013,112013,1712013,5262013
DoS2013,13582013,150.72013,318.92013,74442013,285.72013,517.72013,112013,1712013,5262013,OIG2013,92013,102013,232013,02013,02013,Total2013,13672013,1502013,3182013,74442013,2862013,5182013,112013,1712013,5262013
DoS2013,13582013,150.72013,318.92013,74442013,285.72013,517.72013,112013,1712013,5262013,OIG2013,92013,102013,232013,02013,02013,Total2013,13672013,1502013,3182013,74442013,2862013,5182013,112013,1712013,5262013
