Number Pending - Simple,Median No. of Days - Simple,Average No. of Days - Simple,Number Pending - Complex,Median No. of Days - Complex,Average No. of Days - Complex,Number Pending - Expedited,Median No. of Days - Expedited,Average No. of Days - Expedited,Year
FMSHRC2013,22013,1.52013,1.52013,32013,202013,162013,02013,02013,02013,Total2013,22013,22013,22013,32013,202013,162013,02013,02013,02013
FMSHRC2013,22013,1.52013,1.52013,32013,202013,162013,02013,02013,02013,Total2013,22013,22013,22013,32013,202013,162013,02013,02013,02013
FMSHRC2013,22013,1.52013,1.52013,32013,202013,162013,02013,02013,02013,Total2013,22013,22013,22013,32013,202013,162013,02013,02013,02013
FMSHRC2013,22013,1.52013,1.52013,32013,202013,162013,02013,02013,02013,Total2013,22013,22013,22013,32013,202013,162013,02013,02013,02013
