Number Pending - Simple,Median No. of Days - Simple,Average No. of Days - Simple,Number Pending - Complex,Median No. of Days - Complex,Average No. of Days - Complex,Number Pending - Expedited,Median No. of Days - Expedited,Average No. of Days - Expedited,Year
FEC2013,162013,12.52013,17.42013,62013,213.52013,271.52013,02013,02013,02013,Total2013,162013,132013,172013,62013,2142013,2722013,02013,02013,02013
FEC2013,162013,12.52013,17.42013,62013,213.52013,271.52013,02013,02013,02013,Total2013,162013,132013,172013,62013,2142013,2722013,02013,02013,02013
FEC2013,162013,12.52013,17.42013,62013,213.52013,271.52013,02013,02013,02013,Total2013,162013,132013,172013,62013,2142013,2722013,02013,02013,02013
FEC2013,162013,12.52013,17.42013,62013,213.52013,271.52013,02013,02013,02013,Total2013,162013,132013,172013,62013,2142013,2722013,02013,02013,02013
