Number Pending - Simple,Median No. of Days - Simple,Average No. of Days - Simple,Number Pending - Complex,Median No. of Days - Complex,Average No. of Days - Complex,Number Pending - Expedited,Median No. of Days - Expedited,Average No. of Days - Expedited,Year
NARA2013,7782013,447.52013,773.842013,29622013,931.52013,1303.72013,12013,92013,92013,Total2013,7782013,4482013,7742013,29622013,9322013,13042013,12013,92013,92013
NARA2013,7782013,447.52013,773.842013,29622013,931.52013,1303.72013,12013,92013,92013,Total2013,7782013,4482013,7742013,29622013,9322013,13042013,12013,92013,92013
NARA2013,7782013,447.52013,773.842013,29622013,931.52013,1303.72013,12013,92013,92013,Total2013,7782013,4482013,7742013,29622013,9322013,13042013,12013,92013,92013
NARA2013,7782013,447.52013,773.842013,29622013,931.52013,1303.72013,12013,92013,92013,Total2013,7782013,4482013,7742013,29622013,9322013,13042013,12013,92013,92013
