Number Pending - Simple,Median No. of Days - Simple,Average No. of Days - Simple,Number Pending - Complex,Median No. of Days - Complex,Average No. of Days - Complex,Number Pending - Expedited,Median No. of Days - Expedited,Average No. of Days - Expedited,Year
FHFA-HQ2013,72013,352013,472013,102013,27.52013,362013,02013,02013,02013,FHFA-OIG2013,52013,42013,412013,32013,1652013,1582013,02013,02013,02013,Total2013,122013,42013,452013,132013,352013,652013,02013,02013,02013
FHFA-HQ2013,72013,352013,472013,102013,27.52013,362013,02013,02013,02013,FHFA-OIG2013,52013,42013,412013,32013,1652013,1582013,02013,02013,02013,Total2013,122013,42013,452013,132013,352013,652013,02013,02013,02013
FHFA-HQ2013,72013,352013,472013,102013,27.52013,362013,02013,02013,02013,FHFA-OIG2013,52013,42013,412013,32013,1652013,1582013,02013,02013,02013,Total2013,122013,42013,452013,132013,352013,652013,02013,02013,02013
FHFA-HQ2013,72013,352013,472013,102013,27.52013,362013,02013,02013,02013,FHFA-OIG2013,52013,42013,412013,32013,1652013,1582013,02013,02013,02013,Total2013,122013,42013,452013,132013,352013,652013,02013,02013,02013
FHFA-HQ2013,72013,352013,472013,102013,27.52013,362013,02013,02013,02013,FHFA-OIG2013,52013,42013,412013,32013,1652013,1582013,02013,02013,02013,Total2013,122013,42013,452013,132013,352013,652013,02013,02013,02013
