Number Pending - Simple,Median No. of Days - Simple,Average No. of Days - Simple,Number Pending - Complex,Median No. of Days - Complex,Average No. of Days - Complex,Number Pending - Expedited,Median No. of Days - Expedited,Average No. of Days - Expedited,Year
GSA2013,252013,192013,23.442013,1332013,332013,68.162013,02013,Total2013,252013,192013,232013,1332013,332013,682013,02013,02013,02013
GSA2013,252013,192013,23.442013,1332013,332013,68.162013,02013,Total2013,252013,192013,232013,1332013,332013,682013,02013,02013,02013
GSA2013,252013,192013,23.442013,1332013,332013,68.162013,02013,Total2013,252013,192013,232013,1332013,332013,682013,02013,02013,02013
GSA2013,252013,192013,23.442013,1332013,332013,68.162013,02013,Total2013,252013,192013,232013,1332013,332013,682013,02013,02013,02013
