Number Pending - Simple,Median No. of Days - Simple,Average No. of Days - Simple,Number Pending - Complex,Median No. of Days - Complex,Average No. of Days - Complex,Number Pending - Expedited,Median No. of Days - Expedited,Average No. of Days - Expedited,Year
NTSB2013,122013,14.52013,812013,3312013,1612013,1872013,02013,Total2013,122013,152013,812013,3312013,1612013,1872013,02013,02013,02013
NTSB2013,122013,14.52013,812013,3312013,1612013,1872013,02013,Total2013,122013,152013,812013,3312013,1612013,1872013,02013,02013,02013
NTSB2013,122013,14.52013,812013,3312013,1612013,1872013,02013,Total2013,122013,152013,812013,3312013,1612013,1872013,02013,02013,02013
NTSB2013,122013,14.52013,812013,3312013,1612013,1872013,02013,Total2013,122013,152013,812013,3312013,1612013,1872013,02013,02013,02013
