Number Pending - Simple,Median No. of Days - Simple,Average No. of Days - Simple,Number Pending - Complex,Median No. of Days - Complex,Average No. of Days - Complex,Number Pending - Expedited,Median No. of Days - Expedited,Average No. of Days - Expedited,Year
IMLS2013,22013,52013,4.52013,02013,02013,02013,02013,02013,02013,Total2013,22013,52013,52013,02013,02013,02013,02013,02013,02013
IMLS2013,22013,52013,4.52013,02013,02013,02013,02013,02013,02013,Total2013,22013,52013,52013,02013,02013,02013,02013,02013,02013
IMLS2013,22013,52013,4.52013,02013,02013,02013,02013,02013,02013,Total2013,22013,52013,52013,02013,02013,02013,02013,02013,02013
IMLS2013,22013,52013,4.52013,02013,02013,02013,02013,02013,02013,Total2013,22013,52013,52013,02013,02013,02013,02013,02013,02013
