Number Pending - Simple,Median No. of Days - Simple,Average No. of Days - Simple,Number Pending - Complex,Median No. of Days - Complex,Average No. of Days - Complex,Number Pending - Expedited,Median No. of Days - Expedited,Average No. of Days - Expedited,Year
USAID2013,102013,492013,62.72013,2272013,1772013,270.062013,02013,Total2013,102013,492013,632013,2272013,1772013,2702013,02013,02013,02013
USAID2013,102013,492013,62.72013,2272013,1772013,270.062013,02013,Total2013,102013,492013,632013,2272013,1772013,2702013,02013,02013,02013
USAID2013,102013,492013,62.72013,2272013,1772013,270.062013,02013,Total2013,102013,492013,632013,2272013,1772013,2702013,02013,02013,02013
USAID2013,102013,492013,62.72013,2272013,1772013,270.062013,02013,Total2013,102013,492013,632013,2272013,1772013,2702013,02013,02013,02013
