Number Pending - Simple,Median No. of Days - Simple,Average No. of Days - Simple,Number Pending - Complex,Median No. of Days - Complex,Average No. of Days - Complex,Number Pending - Expedited,Median No. of Days - Expedited,Average No. of Days - Expedited,Year
TVA2013,112013,52013,7.42013,112013,602013,184.72013,02013,Total2013,112013,52013,72013,112013,602013,1852013,02013,02013,02013
TVA2013,112013,52013,7.42013,112013,602013,184.72013,02013,Total2013,112013,52013,72013,112013,602013,1852013,02013,02013,02013
TVA2013,112013,52013,7.42013,112013,602013,184.72013,02013,Total2013,112013,52013,72013,112013,602013,1852013,02013,02013,02013
TVA2013,112013,52013,7.42013,112013,602013,184.72013,02013,Total2013,112013,52013,72013,112013,602013,1852013,02013,02013,02013
