Number Pending - Simple,Median No. of Days - Simple,Average No. of Days - Simple,Number Pending - Complex,Median No. of Days - Complex,Average No. of Days - Complex,Number Pending - Expedited,Median No. of Days - Expedited,Average No. of Days - Expedited,Year
FCC2013,482013,13.52013,34.662013,132013,3472013,262.152013,02013,Total2013,482013,142013,352013,132013,3472013,2622013,02013,02013,02013
FCC2013,482013,13.52013,34.662013,132013,3472013,262.152013,02013,Total2013,482013,142013,352013,132013,3472013,2622013,02013,02013,02013
FCC2013,482013,13.52013,34.662013,132013,3472013,262.152013,02013,Total2013,482013,142013,352013,132013,3472013,2622013,02013,02013,02013
FCC2013,482013,13.52013,34.662013,132013,3472013,262.152013,02013,Total2013,482013,142013,352013,132013,3472013,2622013,02013,02013,02013
