Number Pending - Simple,Median No. of Days - Simple,Average No. of Days - Simple,Number Pending - Complex,Median No. of Days - Complex,Average No. of Days - Complex,Number Pending - Expedited,Median No. of Days - Expedited,Average No. of Days - Expedited,Year
MSPB2013,12013,42013,42013,42013,11.52013,11.52013,02013,Total2013,12013,42013,42013,42013,122013,122013,02013,02013,02013
MSPB2013,12013,42013,42013,42013,11.52013,11.52013,02013,Total2013,12013,42013,42013,42013,122013,122013,02013,02013,02013
MSPB2013,12013,42013,42013,42013,11.52013,11.52013,02013,Total2013,12013,42013,42013,42013,122013,122013,02013,02013,02013
MSPB2013,12013,42013,42013,42013,11.52013,11.52013,02013,Total2013,12013,42013,42013,42013,122013,122013,02013,02013,02013
