Number Pending - Simple,Median No. of Days - Simple,Average No. of Days - Simple,Number Pending - Complex,Median No. of Days - Complex,Average No. of Days - Complex,Number Pending - Expedited,Median No. of Days - Expedited,Average No. of Days - Expedited,Year
SBA2013,302013,32013,5.62013,02013,02013,Total2013,302013,32013,62013,02013,02013,02013,02013,02013,02013
SBA2013,302013,32013,5.62013,02013,02013,Total2013,302013,32013,62013,02013,02013,02013,02013,02013,02013
SBA2013,302013,32013,5.62013,02013,02013,Total2013,302013,32013,62013,02013,02013,02013,02013,02013,02013
SBA2013,302013,32013,5.62013,02013,02013,Total2013,302013,32013,62013,02013,02013,02013,02013,02013,02013
