Number Pending - Simple,Median No. of Days - Simple,Average No. of Days - Simple,Number Pending - Complex,Median No. of Days - Complex,Average No. of Days - Complex,Number Pending - Expedited,Median No. of Days - Expedited,Average No. of Days - Expedited,Year
CIA2014,2072014,192014,255.992014,7632014,1802014,316.412014,12014,8342014,8342014,Total2014,2072014,192014,2562014,7632014,1802014,3162014,12014,8342014,8342014
CIA2014,2072014,192014,255.992014,7632014,1802014,316.412014,12014,8342014,8342014,Total2014,2072014,192014,2562014,7632014,1802014,3162014,12014,8342014,8342014
CIA2014,2072014,192014,255.992014,7632014,1802014,316.412014,12014,8342014,8342014,Total2014,2072014,192014,2562014,7632014,1802014,3162014,12014,8342014,8342014
CIA2014,2072014,192014,255.992014,7632014,1802014,316.412014,12014,8342014,8342014,Total2014,2072014,192014,2562014,7632014,1802014,3162014,12014,8342014,8342014
