Number Pending - Simple,Median No. of Days - Simple,Average No. of Days - Simple,Number Pending - Complex,Median No. of Days - Complex,Average No. of Days - Complex,Number Pending - Expedited,Median No. of Days - Expedited,Average No. of Days - Expedited,Year
NTSB2014,62014,1512014,1972014,5122014,2102014,2372014,22014,30.52014,302014,Total2014,62014,1512014,1972014,5122014,2102014,2372014,22014,312014,302014
NTSB2014,62014,1512014,1972014,5122014,2102014,2372014,22014,30.52014,302014,Total2014,62014,1512014,1972014,5122014,2102014,2372014,22014,312014,302014
NTSB2014,62014,1512014,1972014,5122014,2102014,2372014,22014,30.52014,302014,Total2014,62014,1512014,1972014,5122014,2102014,2372014,22014,312014,302014
NTSB2014,62014,1512014,1972014,5122014,2102014,2372014,22014,30.52014,302014,Total2014,62014,1512014,1972014,5122014,2102014,2372014,22014,312014,302014
