Number Pending - Simple,Median No. of Days - Simple,Average No. of Days - Simple,Number Pending - Complex,Median No. of Days - Complex,Average No. of Days - Complex,Number Pending - Expedited,Median No. of Days - Expedited,Average No. of Days - Expedited,Year
FHFA-HQ2014,42014,122014,132014,62014,34.52014,442014,02014,FHFA-OIG2014,22014,192014,192014,22014,3982014,3982014,02014,Total2014,62014,162014,152014,82014,492014,1322014,02014,02014,02014
FHFA-HQ2014,42014,122014,132014,62014,34.52014,442014,02014,FHFA-OIG2014,22014,192014,192014,22014,3982014,3982014,02014,Total2014,62014,162014,152014,82014,492014,1322014,02014,02014,02014
FHFA-HQ2014,42014,122014,132014,62014,34.52014,442014,02014,FHFA-OIG2014,22014,192014,192014,22014,3982014,3982014,02014,Total2014,62014,162014,152014,82014,492014,1322014,02014,02014,02014
FHFA-HQ2014,42014,122014,132014,62014,34.52014,442014,02014,FHFA-OIG2014,22014,192014,192014,22014,3982014,3982014,02014,Total2014,62014,162014,152014,82014,492014,1322014,02014,02014,02014
FHFA-HQ2014,42014,122014,132014,62014,34.52014,442014,02014,FHFA-OIG2014,22014,192014,192014,22014,3982014,3982014,02014,Total2014,62014,162014,152014,82014,492014,1322014,02014,02014,02014
