Number Pending - Simple,Median No. of Days - Simple,Average No. of Days - Simple,Number Pending - Complex,Median No. of Days - Complex,Average No. of Days - Complex,Number Pending - Expedited,Median No. of Days - Expedited,Average No. of Days - Expedited,Year
ODNI2014,1882014,1202014,201.142014,402014,304.52014,450.282014,02014,Total2014,1882014,1202014,2012014,402014,3052014,4502014,02014,02014,02014
ODNI2014,1882014,1202014,201.142014,402014,304.52014,450.282014,02014,Total2014,1882014,1202014,2012014,402014,3052014,4502014,02014,02014,02014
ODNI2014,1882014,1202014,201.142014,402014,304.52014,450.282014,02014,Total2014,1882014,1202014,2012014,402014,3052014,4502014,02014,02014,02014
ODNI2014,1882014,1202014,201.142014,402014,304.52014,450.282014,02014,Total2014,1882014,1202014,2012014,402014,3052014,4502014,02014,02014,02014
