Number Pending - Simple,Median No. of Days - Simple,Average No. of Days - Simple,Number Pending - Complex,Median No. of Days - Complex,Average No. of Days - Complex,Number Pending - Expedited,Median No. of Days - Expedited,Average No. of Days - Expedited,Year
NIGC2014,42014,1092014,158.252014,62014,1412014,156.332014,02014,Total2014,42014,1092014,1582014,62014,1412014,1562014,02014,02014,02014
NIGC2014,42014,1092014,158.252014,62014,1412014,156.332014,02014,Total2014,42014,1092014,1582014,62014,1412014,1562014,02014,02014,02014
NIGC2014,42014,1092014,158.252014,62014,1412014,156.332014,02014,Total2014,42014,1092014,1582014,62014,1412014,1562014,02014,02014,02014
NIGC2014,42014,1092014,158.252014,62014,1412014,156.332014,02014,Total2014,42014,1092014,1582014,62014,1412014,1562014,02014,02014,02014
