Number Pending - Simple,Median No. of Days - Simple,Average No. of Days - Simple,Number Pending - Complex,Median No. of Days - Complex,Average No. of Days - Complex,Number Pending - Expedited,Median No. of Days - Expedited,Average No. of Days - Expedited,Year
DNFSB2014,22014,22.52014,22.52014,02014,02014,Total2014,22014,232014,232014,02014,02014,02014,02014,02014,02014
DNFSB2014,22014,22.52014,22.52014,02014,02014,Total2014,22014,232014,232014,02014,02014,02014,02014,02014,02014
DNFSB2014,22014,22.52014,22.52014,02014,02014,Total2014,22014,232014,232014,02014,02014,02014,02014,02014,02014
DNFSB2014,22014,22.52014,22.52014,02014,02014,Total2014,22014,232014,232014,02014,02014,02014,02014,02014,02014
