Number Pending - Simple,Median No. of Days - Simple,Average No. of Days - Simple,Number Pending - Complex,Median No. of Days - Complex,Average No. of Days - Complex,Number Pending - Expedited,Median No. of Days - Expedited,Average No. of Days - Expedited,Year
CFTC2014,82014,45.52014,632014,252014,1152014,1182014,02014,Total2014,82014,462014,632014,252014,1152014,1182014,02014,02014,02014
CFTC2014,82014,45.52014,632014,252014,1152014,1182014,02014,Total2014,82014,462014,632014,252014,1152014,1182014,02014,02014,02014
CFTC2014,82014,45.52014,632014,252014,1152014,1182014,02014,Total2014,82014,462014,632014,252014,1152014,1182014,02014,02014,02014
CFTC2014,82014,45.52014,632014,252014,1152014,1182014,02014,Total2014,82014,462014,632014,252014,1152014,1182014,02014,02014,02014
