Number Pending - Simple,Median No. of Days - Simple,Average No. of Days - Simple,Number Pending - Complex,Median No. of Days - Complex,Average No. of Days - Complex,Number Pending - Expedited,Median No. of Days - Expedited,Average No. of Days - Expedited,Year
PS2014,1562014,532014,80.022014,622014,1232014,235.582014,02014,OIG2014,102014,1.52014,11.92014,02014,02014,PIS2014,172014,102014,20.292014,72014,502014,63.142014,02014,Total2014,1832014,422014,712014,692014,1022014,2182014,02014,02014,02014
PS2014,1562014,532014,80.022014,622014,1232014,235.582014,02014,OIG2014,102014,1.52014,11.92014,02014,02014,PIS2014,172014,102014,20.292014,72014,502014,63.142014,02014,Total2014,1832014,422014,712014,692014,1022014,2182014,02014,02014,02014
PS2014,1562014,532014,80.022014,622014,1232014,235.582014,02014,OIG2014,102014,1.52014,11.92014,02014,02014,PIS2014,172014,102014,20.292014,72014,502014,63.142014,02014,Total2014,1832014,422014,712014,692014,1022014,2182014,02014,02014,02014
PS2014,1562014,532014,80.022014,622014,1232014,235.582014,02014,OIG2014,102014,1.52014,11.92014,02014,02014,PIS2014,172014,102014,20.292014,72014,502014,63.142014,02014,Total2014,1832014,422014,712014,692014,1022014,2182014,02014,02014,02014
PS2014,1562014,532014,80.022014,622014,1232014,235.582014,02014,OIG2014,102014,1.52014,11.92014,02014,02014,PIS2014,172014,102014,20.292014,72014,502014,63.142014,02014,Total2014,1832014,422014,712014,692014,1022014,2182014,02014,02014,02014
PS2014,1562014,532014,80.022014,622014,1232014,235.582014,02014,OIG2014,102014,1.52014,11.92014,02014,02014,PIS2014,172014,102014,20.292014,72014,502014,63.142014,02014,Total2014,1832014,422014,712014,692014,1022014,2182014,02014,02014,02014
