Number Pending - Simple,Median No. of Days - Simple,Average No. of Days - Simple,Number Pending - Complex,Median No. of Days - Complex,Average No. of Days - Complex,Number Pending - Expedited,Median No. of Days - Expedited,Average No. of Days - Expedited,Year
FTC2014,12014,42014,42014,252014,132014,34.682014,02014,Total2014,12014,42014,42014,252014,132014,352014,02014,02014,02014
FTC2014,12014,42014,42014,252014,132014,34.682014,02014,Total2014,12014,42014,42014,252014,132014,352014,02014,02014,02014
FTC2014,12014,42014,42014,252014,132014,34.682014,02014,Total2014,12014,42014,42014,252014,132014,352014,02014,02014,02014
FTC2014,12014,42014,42014,252014,132014,34.682014,02014,Total2014,12014,42014,42014,252014,132014,352014,02014,02014,02014
