Number Pending - Simple,Median No. of Days - Simple,Average No. of Days - Simple,Number Pending - Complex,Median No. of Days - Complex,Average No. of Days - Complex,Number Pending - Expedited,Median No. of Days - Expedited,Average No. of Days - Expedited,Year
OSTP2014,42014,14.52014,18.752014,12014,2242014,2242014,02014,Total2014,42014,152014,192014,12014,2242014,2242014,02014,02014,02014
OSTP2014,42014,14.52014,18.752014,12014,2242014,2242014,02014,Total2014,42014,152014,192014,12014,2242014,2242014,02014,02014,02014
OSTP2014,42014,14.52014,18.752014,12014,2242014,2242014,02014,Total2014,42014,152014,192014,12014,2242014,2242014,02014,02014,02014
OSTP2014,42014,14.52014,18.752014,12014,2242014,2242014,02014,Total2014,42014,152014,192014,12014,2242014,2242014,02014,02014,02014
