Number Pending - Simple,Median No. of Days - Simple,Average No. of Days - Simple,Number Pending - Complex,Median No. of Days - Complex,Average No. of Days - Complex,Number Pending - Expedited,Median No. of Days - Expedited,Average No. of Days - Expedited,Year
CNCS2014,02014,82014,892014,121.32014,02014,Total2014,02014,02014,02014,82014,892014,1212014,02014,02014,02014
CNCS2014,02014,82014,892014,121.32014,02014,Total2014,02014,02014,02014,82014,892014,1212014,02014,02014,02014
CNCS2014,02014,82014,892014,121.32014,02014,Total2014,02014,02014,02014,82014,892014,1212014,02014,02014,02014
CNCS2014,02014,82014,892014,121.32014,02014,Total2014,02014,02014,02014,82014,892014,1212014,02014,02014,02014
