Number Pending - Simple,Median No. of Days - Simple,Average No. of Days - Simple,Number Pending - Complex,Median No. of Days - Complex,Average No. of Days - Complex,Number Pending - Expedited,Median No. of Days - Expedited,Average No. of Days - Expedited,Year
FEC2014,162014,183.52014,167.52014,172014,952014,180.52014,02014,Total2014,162014,1842014,1682014,172014,952014,1812014,02014,02014,02014
FEC2014,162014,183.52014,167.52014,172014,952014,180.52014,02014,Total2014,162014,1842014,1682014,172014,952014,1812014,02014,02014,02014
FEC2014,162014,183.52014,167.52014,172014,952014,180.52014,02014,Total2014,162014,1842014,1682014,172014,952014,1812014,02014,02014,02014
FEC2014,162014,183.52014,167.52014,172014,952014,180.52014,02014,Total2014,162014,1842014,1682014,172014,952014,1812014,02014,02014,02014
