Number Pending - Simple,Median No. of Days - Simple,Average No. of Days - Simple,Number Pending - Complex,Median No. of Days - Complex,Average No. of Days - Complex,Number Pending - Expedited,Median No. of Days - Expedited,Average No. of Days - Expedited,Year
DoS2014,13332014,2542014,373.82014,92202014,332.62014,5102014,132014,173.82014,332.52014,OIG2014,82014,102014,80.92014,02014,02014,Total2014,13412014,2522014,3702014,92202014,3332014,5102014,132014,1742014,3332014
DoS2014,13332014,2542014,373.82014,92202014,332.62014,5102014,132014,173.82014,332.52014,OIG2014,82014,102014,80.92014,02014,02014,Total2014,13412014,2522014,3702014,92202014,3332014,5102014,132014,1742014,3332014
DoS2014,13332014,2542014,373.82014,92202014,332.62014,5102014,132014,173.82014,332.52014,OIG2014,82014,102014,80.92014,02014,02014,Total2014,13412014,2522014,3702014,92202014,3332014,5102014,132014,1742014,3332014
DoS2014,13332014,2542014,373.82014,92202014,332.62014,5102014,132014,173.82014,332.52014,OIG2014,82014,102014,80.92014,02014,02014,Total2014,13412014,2522014,3702014,92202014,3332014,5102014,132014,1742014,3332014
DoS2014,13332014,2542014,373.82014,92202014,332.62014,5102014,132014,173.82014,332.52014,OIG2014,82014,102014,80.92014,02014,02014,Total2014,13412014,2522014,3702014,92202014,3332014,5102014,132014,1742014,3332014
