Number Pending - Simple,Median No. of Days - Simple,Average No. of Days - Simple,Number Pending - Complex,Median No. of Days - Complex,Average No. of Days - Complex,Number Pending - Expedited,Median No. of Days - Expedited,Average No. of Days - Expedited,Year
GSA2014,92014,302014,412014,1672014,412014,90.862014,02014,Total2014,92014,302014,412014,1672014,412014,912014,02014,02014,02014
GSA2014,92014,302014,412014,1672014,412014,90.862014,02014,Total2014,92014,302014,412014,1672014,412014,912014,02014,02014,02014
GSA2014,92014,302014,412014,1672014,412014,90.862014,02014,Total2014,92014,302014,412014,1672014,412014,912014,02014,02014,02014
GSA2014,92014,302014,412014,1672014,412014,90.862014,02014,Total2014,92014,302014,412014,1672014,412014,912014,02014,02014,02014
