Number Pending - Simple,Median No. of Days - Simple,Average No. of Days - Simple,Number Pending - Complex,Median No. of Days - Complex,Average No. of Days - Complex,Number Pending - Expedited,Median No. of Days - Expedited,Average No. of Days - Expedited,Year
FMCS2014,42014,77.52014,70.32014,22014,220.52014,220.52014,02014,Total2014,42014,782014,702014,22014,2212014,2212014,02014,02014,02014
FMCS2014,42014,77.52014,70.32014,22014,220.52014,220.52014,02014,Total2014,42014,782014,702014,22014,2212014,2212014,02014,02014,02014
FMCS2014,42014,77.52014,70.32014,22014,220.52014,220.52014,02014,Total2014,42014,782014,702014,22014,2212014,2212014,02014,02014,02014
FMCS2014,42014,77.52014,70.32014,22014,220.52014,220.52014,02014,Total2014,42014,782014,702014,22014,2212014,2212014,02014,02014,02014
