Number Pending - Simple,Median No. of Days - Simple,Average No. of Days - Simple,Number Pending - Complex,Median No. of Days - Complex,Average No. of Days - Complex,Number Pending - Expedited,Median No. of Days - Expedited,Average No. of Days - Expedited,Year
FMC2014,02014,162014,5942014,492.12014,02014,Total2014,02014,02014,02014,162014,5942014,4922014,02014,02014,02014
FMC2014,02014,162014,5942014,492.12014,02014,Total2014,02014,02014,02014,162014,5942014,4922014,02014,02014,02014
FMC2014,02014,162014,5942014,492.12014,02014,Total2014,02014,02014,02014,162014,5942014,4922014,02014,02014,02014
FMC2014,02014,162014,5942014,492.12014,02014,Total2014,02014,02014,02014,162014,5942014,4922014,02014,02014,02014
