Number Pending - Simple,Median No. of Days - Simple,Average No. of Days - Simple,Number Pending - Complex,Median No. of Days - Complex,Average No. of Days - Complex,Number Pending - Expedited,Median No. of Days - Expedited,Average No. of Days - Expedited,Year
NARA2014,28592014,392014,254.052014,29072014,7822014,1307.42014,02014,Total2014,28592014,392014,2542014,29072014,7822014,13072014,02014,02014,02014
NARA2014,28592014,392014,254.052014,29072014,7822014,1307.42014,02014,Total2014,28592014,392014,2542014,29072014,7822014,13072014,02014,02014,02014
NARA2014,28592014,392014,254.052014,29072014,7822014,1307.42014,02014,Total2014,28592014,392014,2542014,29072014,7822014,13072014,02014,02014,02014
NARA2014,28592014,392014,254.052014,29072014,7822014,1307.42014,02014,Total2014,28592014,392014,2542014,29072014,7822014,13072014,02014,02014,02014
