Number Pending - Simple,Median No. of Days - Simple,Average No. of Days - Simple,Number Pending - Complex,Median No. of Days - Complex,Average No. of Days - Complex,Number Pending - Expedited,Median No. of Days - Expedited,Average No. of Days - Expedited,Year
NRPC2014,12014,62014,62014,242014,94.52014,1282014,02014,Total2014,12014,62014,62014,242014,952014,1282014,02014,02014,02014
NRPC2014,12014,62014,62014,242014,94.52014,1282014,02014,Total2014,12014,62014,62014,242014,952014,1282014,02014,02014,02014
NRPC2014,12014,62014,62014,242014,94.52014,1282014,02014,Total2014,12014,62014,62014,242014,952014,1282014,02014,02014,02014
NRPC2014,12014,62014,62014,242014,94.52014,1282014,02014,Total2014,12014,62014,62014,242014,952014,1282014,02014,02014,02014
