Number Pending - Simple,Median No. of Days - Simple,Average No. of Days - Simple,Number Pending - Complex,Median No. of Days - Complex,Average No. of Days - Complex,Number Pending - Expedited,Median No. of Days - Expedited,Average No. of Days - Expedited,Year
CEQ2014,142014,332.52014,3122014,102014,1402014,200.12014,02014,Total2014,142014,3332014,3122014,102014,1402014,2002014,02014,02014,02014
CEQ2014,142014,332.52014,3122014,102014,1402014,200.12014,02014,Total2014,142014,3332014,3122014,102014,1402014,2002014,02014,02014,02014
CEQ2014,142014,332.52014,3122014,102014,1402014,200.12014,02014,Total2014,142014,3332014,3122014,102014,1402014,2002014,02014,02014,02014
CEQ2014,142014,332.52014,3122014,102014,1402014,200.12014,02014,Total2014,142014,3332014,3122014,102014,1402014,2002014,02014,02014,02014
