Number Pending - Simple,Median No. of Days - Simple,Average No. of Days - Simple,Number Pending - Complex,Median No. of Days - Complex,Average No. of Days - Complex,Number Pending - Expedited,Median No. of Days - Expedited,Average No. of Days - Expedited,Year
CFPB2014,162014,5.52014,62014,12014,122014,122014,02014,Total2014,162014,62014,62014,12014,122014,122014,02014,02014,02014
CFPB2014,162014,5.52014,62014,12014,122014,122014,02014,Total2014,162014,62014,62014,12014,122014,122014,02014,02014,02014
CFPB2014,162014,5.52014,62014,12014,122014,122014,02014,Total2014,162014,62014,62014,12014,122014,122014,02014,02014,02014
CFPB2014,162014,5.52014,62014,12014,122014,122014,02014,Total2014,162014,62014,62014,12014,122014,122014,02014,02014,02014
