Number Pending - Simple,Median No. of Days - Simple,Average No. of Days - Simple,Number Pending - Complex,Median No. of Days - Complex,Average No. of Days - Complex,Number Pending - Expedited,Median No. of Days - Expedited,Average No. of Days - Expedited,Year
USAID2014,22014,282014,282014,2882014,191.52014,2652014,52014,1072014,95.22014,Total2014,22014,282014,282014,2882014,1922014,2652014,52014,1072014,952014
USAID2014,22014,282014,282014,2882014,191.52014,2652014,52014,1072014,95.22014,Total2014,22014,282014,282014,2882014,1922014,2652014,52014,1072014,952014
USAID2014,22014,282014,282014,2882014,191.52014,2652014,52014,1072014,95.22014,Total2014,22014,282014,282014,2882014,1922014,2652014,52014,1072014,952014
USAID2014,22014,282014,282014,2882014,191.52014,2652014,52014,1072014,95.22014,Total2014,22014,282014,282014,2882014,1922014,2652014,52014,1072014,952014
