Number Pending - Simple,Median No. of Days - Simple,Average No. of Days - Simple,Number Pending - Complex,Median No. of Days - Complex,Average No. of Days - Complex,Number Pending - Expedited,Median No. of Days - Expedited,Average No. of Days - Expedited,Year
FCC2014,572014,152014,27.912014,62014,1512014,134.332014,42014,5.52014,7.752014,Total2014,572014,152014,282014,62014,1512014,1342014,42014,62014,82014
FCC2014,572014,152014,27.912014,62014,1512014,134.332014,42014,5.52014,7.752014,Total2014,572014,152014,282014,62014,1512014,1342014,42014,62014,82014
FCC2014,572014,152014,27.912014,62014,1512014,134.332014,42014,5.52014,7.752014,Total2014,572014,152014,282014,62014,1512014,1342014,42014,62014,82014
FCC2014,572014,152014,27.912014,62014,1512014,134.332014,42014,5.52014,7.752014,Total2014,572014,152014,282014,62014,1512014,1342014,42014,62014,82014
