Number Pending - Simple,Median No. of Days - Simple,Average No. of Days - Simple,Number Pending - Complex,Median No. of Days - Complex,Average No. of Days - Complex,Number Pending - Expedited,Median No. of Days - Expedited,Average No. of Days - Expedited,Year
PBGC2014,192014,42014,6.892014,652014,82014,7.572014,02014,Total2014,192014,42014,72014,652014,82014,82014,02014,02014,02014
PBGC2014,192014,42014,6.892014,652014,82014,7.572014,02014,Total2014,192014,42014,72014,652014,82014,82014,02014,02014,02014
PBGC2014,192014,42014,6.892014,652014,82014,7.572014,02014,Total2014,192014,42014,72014,652014,82014,82014,02014,02014,02014
PBGC2014,192014,42014,6.892014,652014,82014,7.572014,02014,Total2014,192014,42014,72014,652014,82014,82014,02014,02014,02014
