Number Pending - Simple,Median No. of Days - Simple,Average No. of Days - Simple,Number Pending - Complex,Median No. of Days - Complex,Average No. of Days - Complex,Number Pending - Expedited,Median No. of Days - Expedited,Average No. of Days - Expedited,Year
OPIC2014,52014,132014,38.62014,02014,02014,Total2014,52014,132014,392014,02014,02014,02014,02014,02014,02014
OPIC2014,52014,132014,38.62014,02014,02014,Total2014,52014,132014,392014,02014,02014,02014,02014,02014,02014
OPIC2014,52014,132014,38.62014,02014,02014,Total2014,52014,132014,392014,02014,02014,02014,02014,02014,02014
OPIC2014,52014,132014,38.62014,02014,02014,Total2014,52014,132014,392014,02014,02014,02014,02014,02014,02014
