Number Pending - Simple,Median No. of Days - Simple,Average No. of Days - Simple,Number Pending - Complex,Median No. of Days - Complex,Average No. of Days - Complex,Number Pending - Expedited,Median No. of Days - Expedited,Average No. of Days - Expedited,Year
FCC2015,1052015,72015,40.982015,02015,22015,1.52015,1.52015,Total2015,1052015,72015,412015,02015,02015,02015,22015,22015,22015
FCC2015,1052015,72015,40.982015,02015,22015,1.52015,1.52015,Total2015,1052015,72015,412015,02015,02015,02015,22015,22015,22015
FCC2015,1052015,72015,40.982015,02015,22015,1.52015,1.52015,Total2015,1052015,72015,412015,02015,02015,02015,22015,22015,22015
FCC2015,1052015,72015,40.982015,02015,22015,1.52015,1.52015,Total2015,1052015,72015,412015,02015,02015,02015,22015,22015,22015
