Number Pending - Simple,Median No. of Days - Simple,Average No. of Days - Simple,Number Pending - Complex,Median No. of Days - Complex,Average No. of Days - Complex,Number Pending - Expedited,Median No. of Days - Expedited,Average No. of Days - Expedited,Year
CEQ2015,92015,3732015,397.442015,352015,1482015,232.882015,12015,1012015,1012015,Total2015,92015,3732015,3972015,352015,1482015,2332015,12015,1012015,1012015
CEQ2015,92015,3732015,397.442015,352015,1482015,232.882015,12015,1012015,1012015,Total2015,92015,3732015,3972015,352015,1482015,2332015,12015,1012015,1012015
CEQ2015,92015,3732015,397.442015,352015,1482015,232.882015,12015,1012015,1012015,Total2015,92015,3732015,3972015,352015,1482015,2332015,12015,1012015,1012015
CEQ2015,92015,3732015,397.442015,352015,1482015,232.882015,12015,1012015,1012015,Total2015,92015,3732015,3972015,352015,1482015,2332015,12015,1012015,1012015
