Number Pending - Simple,Median No. of Days - Simple,Average No. of Days - Simple,Number Pending - Complex,Median No. of Days - Complex,Average No. of Days - Complex,Number Pending - Expedited,Median No. of Days - Expedited,Average No. of Days - Expedited,Year
CIA2015,3542015,232015,150.952015,10482015,1982015,328.722015,02015,Total2015,3542015,232015,1512015,10482015,1982015,3292015,02015,02015,02015
CIA2015,3542015,232015,150.952015,10482015,1982015,328.722015,02015,Total2015,3542015,232015,1512015,10482015,1982015,3292015,02015,02015,02015
CIA2015,3542015,232015,150.952015,10482015,1982015,328.722015,02015,Total2015,3542015,232015,1512015,10482015,1982015,3292015,02015,02015,02015
CIA2015,3542015,232015,150.952015,10482015,1982015,328.722015,02015,Total2015,3542015,232015,1512015,10482015,1982015,3292015,02015,02015,02015
