Number Pending - Simple,Median No. of Days - Simple,Average No. of Days - Simple,Number Pending - Complex,Median No. of Days - Complex,Average No. of Days - Complex,Number Pending - Expedited,Median No. of Days - Expedited,Average No. of Days - Expedited,Year
USAID2015,72015,1592015,112.862015,2992015,2542015,318.552015,142015,171.52015,211.362015,Total2015,72015,1592015,1132015,2992015,2542015,3192015,142015,1722015,2112015
USAID2015,72015,1592015,112.862015,2992015,2542015,318.552015,142015,171.52015,211.362015,Total2015,72015,1592015,1132015,2992015,2542015,3192015,142015,1722015,2112015
USAID2015,72015,1592015,112.862015,2992015,2542015,318.552015,142015,171.52015,211.362015,Total2015,72015,1592015,1132015,2992015,2542015,3192015,142015,1722015,2112015
USAID2015,72015,1592015,112.862015,2992015,2542015,318.552015,142015,171.52015,211.362015,Total2015,72015,1592015,1132015,2992015,2542015,3192015,142015,1722015,2112015
