Number Pending - Simple,Median No. of Days - Simple,Average No. of Days - Simple,Number Pending - Complex,Median No. of Days - Complex,Average No. of Days - Complex,Number Pending - Expedited,Median No. of Days - Expedited,Average No. of Days - Expedited,Year
NIGC2015,82015,32.52015,582015,112015,1792015,2502015,02015,Total2015,82015,332015,582015,112015,1792015,2502015,02015,02015,02015
NIGC2015,82015,32.52015,582015,112015,1792015,2502015,02015,Total2015,82015,332015,582015,112015,1792015,2502015,02015,02015,02015
NIGC2015,82015,32.52015,582015,112015,1792015,2502015,02015,Total2015,82015,332015,582015,112015,1792015,2502015,02015,02015,02015
NIGC2015,82015,32.52015,582015,112015,1792015,2502015,02015,Total2015,82015,332015,582015,112015,1792015,2502015,02015,02015,02015
