Number Pending - Simple,Median No. of Days - Simple,Average No. of Days - Simple,Number Pending - Complex,Median No. of Days - Complex,Average No. of Days - Complex,Number Pending - Expedited,Median No. of Days - Expedited,Average No. of Days - Expedited,Year
SEC2015,12962015,122015,342015,22015,962.52015,9622015,02015,Total2015,12962015,122015,342015,22015,9632015,9622015,02015,02015,02015
SEC2015,12962015,122015,342015,22015,962.52015,9622015,02015,Total2015,12962015,122015,342015,22015,9632015,9622015,02015,02015,02015
SEC2015,12962015,122015,342015,22015,962.52015,9622015,02015,Total2015,12962015,122015,342015,22015,9632015,9622015,02015,02015,02015
SEC2015,12962015,122015,342015,22015,962.52015,9622015,02015,Total2015,12962015,122015,342015,22015,9632015,9622015,02015,02015,02015
