Number Pending - Simple,Median No. of Days - Simple,Average No. of Days - Simple,Number Pending - Complex,Median No. of Days - Complex,Average No. of Days - Complex,Number Pending - Expedited,Median No. of Days - Expedited,Average No. of Days - Expedited,Year
PS2015,752015,142015,53.832015,812015,382015,221.462015,02015,OIG2015,142015,10.52015,50.142015,12015,92015,92015,02015,PIS2015,262015,34.52015,63.352015,132015,792015,72.692015,12015,12015,12015,Total2015,1152015,142015,562015,952015,482015,1992015,12015,12015,12015
PS2015,752015,142015,53.832015,812015,382015,221.462015,02015,OIG2015,142015,10.52015,50.142015,12015,92015,92015,02015,PIS2015,262015,34.52015,63.352015,132015,792015,72.692015,12015,12015,12015,Total2015,1152015,142015,562015,952015,482015,1992015,12015,12015,12015
PS2015,752015,142015,53.832015,812015,382015,221.462015,02015,OIG2015,142015,10.52015,50.142015,12015,92015,92015,02015,PIS2015,262015,34.52015,63.352015,132015,792015,72.692015,12015,12015,12015,Total2015,1152015,142015,562015,952015,482015,1992015,12015,12015,12015
PS2015,752015,142015,53.832015,812015,382015,221.462015,02015,OIG2015,142015,10.52015,50.142015,12015,92015,92015,02015,PIS2015,262015,34.52015,63.352015,132015,792015,72.692015,12015,12015,12015,Total2015,1152015,142015,562015,952015,482015,1992015,12015,12015,12015
PS2015,752015,142015,53.832015,812015,382015,221.462015,02015,OIG2015,142015,10.52015,50.142015,12015,92015,92015,02015,PIS2015,262015,34.52015,63.352015,132015,792015,72.692015,12015,12015,12015,Total2015,1152015,142015,562015,952015,482015,1992015,12015,12015,12015
PS2015,752015,142015,53.832015,812015,382015,221.462015,02015,OIG2015,142015,10.52015,50.142015,12015,92015,92015,02015,PIS2015,262015,34.52015,63.352015,132015,792015,72.692015,12015,12015,12015,Total2015,1152015,142015,562015,952015,482015,1992015,12015,12015,12015
