Number Pending - Simple,Median No. of Days - Simple,Average No. of Days - Simple,Number Pending - Complex,Median No. of Days - Complex,Average No. of Days - Complex,Number Pending - Expedited,Median No. of Days - Expedited,Average No. of Days - Expedited,Year
FRTIB2015,42015,402015,23.52015,02015,02015,Total2015,42015,402015,242015,02015,02015,02015,02015,02015,02015
FRTIB2015,42015,402015,23.52015,02015,02015,Total2015,42015,402015,242015,02015,02015,02015,02015,02015,02015
FRTIB2015,42015,402015,23.52015,02015,02015,Total2015,42015,402015,242015,02015,02015,02015,02015,02015,02015
FRTIB2015,42015,402015,23.52015,02015,02015,Total2015,42015,402015,242015,02015,02015,02015,02015,02015,02015
