Number Pending - Simple,Median No. of Days - Simple,Average No. of Days - Simple,Number Pending - Complex,Median No. of Days - Complex,Average No. of Days - Complex,Number Pending - Expedited,Median No. of Days - Expedited,Average No. of Days - Expedited,Year
OPIC2015,52015,1912015,213.22015,02015,02015,Total2015,52015,1912015,2132015,02015,02015,02015,02015,02015,02015
OPIC2015,52015,1912015,213.22015,02015,02015,Total2015,52015,1912015,2132015,02015,02015,02015,02015,02015,02015
OPIC2015,52015,1912015,213.22015,02015,02015,Total2015,52015,1912015,2132015,02015,02015,02015,02015,02015,02015
OPIC2015,52015,1912015,213.22015,02015,02015,Total2015,52015,1912015,2132015,02015,02015,02015,02015,02015,02015
