Number Pending - Simple,Median No. of Days - Simple,Average No. of Days - Simple,Number Pending - Complex,Median No. of Days - Complex,Average No. of Days - Complex,Number Pending - Expedited,Median No. of Days - Expedited,Average No. of Days - Expedited,Year
OSTP2015,02015,102015,832015,78.82015,02015,Total2015,02015,02015,02015,102015,832015,792015,02015,02015,02015
OSTP2015,02015,102015,832015,78.82015,02015,Total2015,02015,02015,02015,102015,832015,792015,02015,02015,02015
OSTP2015,02015,102015,832015,78.82015,02015,Total2015,02015,02015,02015,102015,832015,792015,02015,02015,02015
OSTP2015,02015,102015,832015,78.82015,02015,Total2015,02015,02015,02015,102015,832015,792015,02015,02015,02015
