Number Pending - Simple,Median No. of Days - Simple,Average No. of Days - Simple,Number Pending - Complex,Median No. of Days - Complex,Average No. of Days - Complex,Number Pending - Expedited,Median No. of Days - Expedited,Average No. of Days - Expedited,Year
GSA2015,722015,222015,29.242015,472015,272015,46.942015,12015,252015,252015,Total2015,722015,222015,292015,472015,272015,472015,12015,252015,252015
GSA2015,722015,222015,29.242015,472015,272015,46.942015,12015,252015,252015,Total2015,722015,222015,292015,472015,272015,472015,12015,252015,252015
GSA2015,722015,222015,29.242015,472015,272015,46.942015,12015,252015,252015,Total2015,722015,222015,292015,472015,272015,472015,12015,252015,252015
GSA2015,722015,222015,29.242015,472015,272015,46.942015,12015,252015,252015,Total2015,722015,222015,292015,472015,272015,472015,12015,252015,252015
