Number Pending - Simple,Median No. of Days - Simple,Average No. of Days - Simple,Number Pending - Complex,Median No. of Days - Complex,Average No. of Days - Complex,Number Pending - Expedited,Median No. of Days - Expedited,Average No. of Days - Expedited,Year
DoS2015,30452015,135.342015,269.032015,116692015,364.72015,552.182015,1472015,141.042015,169.282015,OIG2015,92015,372015,772015,02015,02015,02015,02015,02015,02015,Total2015,30542015,1352015,2652015,116692015,3652015,5522015,1472015,1412015,1692015
DoS2015,30452015,135.342015,269.032015,116692015,364.72015,552.182015,1472015,141.042015,169.282015,OIG2015,92015,372015,772015,02015,02015,02015,02015,02015,02015,Total2015,30542015,1352015,2652015,116692015,3652015,5522015,1472015,1412015,1692015
DoS2015,30452015,135.342015,269.032015,116692015,364.72015,552.182015,1472015,141.042015,169.282015,OIG2015,92015,372015,772015,02015,02015,02015,02015,02015,02015,Total2015,30542015,1352015,2652015,116692015,3652015,5522015,1472015,1412015,1692015
DoS2015,30452015,135.342015,269.032015,116692015,364.72015,552.182015,1472015,141.042015,169.282015,OIG2015,92015,372015,772015,02015,02015,02015,02015,02015,02015,Total2015,30542015,1352015,2652015,116692015,3652015,5522015,1472015,1412015,1692015
DoS2015,30452015,135.342015,269.032015,116692015,364.72015,552.182015,1472015,141.042015,169.282015,OIG2015,92015,372015,772015,02015,02015,02015,02015,02015,02015,Total2015,30542015,1352015,2652015,116692015,3652015,5522015,1472015,1412015,1692015
