Number Pending - Simple,Median No. of Days - Simple,Average No. of Days - Simple,Number Pending - Complex,Median No. of Days - Complex,Average No. of Days - Complex,Number Pending - Expedited,Median No. of Days - Expedited,Average No. of Days - Expedited,Year
CFTC2015,192015,412015,642015,402015,104.52015,16.32015,02015,Total2015,192015,412015,642015,402015,1052015,162015,02015,02015,02015
CFTC2015,192015,412015,642015,402015,104.52015,16.32015,02015,Total2015,192015,412015,642015,402015,1052015,162015,02015,02015,02015
CFTC2015,192015,412015,642015,402015,104.52015,16.32015,02015,Total2015,192015,412015,642015,402015,1052015,162015,02015,02015,02015
CFTC2015,192015,412015,642015,402015,104.52015,16.32015,02015,Total2015,192015,412015,642015,402015,1052015,162015,02015,02015,02015
