Number Pending - Simple,Median No. of Days - Simple,Average No. of Days - Simple,Number Pending - Complex,Median No. of Days - Complex,Average No. of Days - Complex,Number Pending - Expedited,Median No. of Days - Expedited,Average No. of Days - Expedited,Year
SBA2015,532015,192015,34.472015,02015,02015,Total2015,532015,192015,342015,02015,02015,02015,02015,02015,02015
SBA2015,532015,192015,34.472015,02015,02015,Total2015,532015,192015,342015,02015,02015,02015,02015,02015,02015
SBA2015,532015,192015,34.472015,02015,02015,Total2015,532015,192015,342015,02015,02015,02015,02015,02015,02015
SBA2015,532015,192015,34.472015,02015,02015,Total2015,532015,192015,342015,02015,02015,02015,02015,02015,02015
