Number Pending - Simple,Median No. of Days - Simple,Average No. of Days - Simple,Number Pending - Complex,Median No. of Days - Complex,Average No. of Days - Complex,Number Pending - Expedited,Median No. of Days - Expedited,Average No. of Days - Expedited,Year
FMC2015,02015,122015,250.52015,340.252015,02015,Total2015,02015,02015,02015,122015,2512015,3402015,02015,02015,02015
FMC2015,02015,122015,250.52015,340.252015,02015,Total2015,02015,02015,02015,122015,2512015,3402015,02015,02015,02015
FMC2015,02015,122015,250.52015,340.252015,02015,Total2015,02015,02015,02015,122015,2512015,3402015,02015,02015,02015
FMC2015,02015,122015,250.52015,340.252015,02015,Total2015,02015,02015,02015,122015,2512015,3402015,02015,02015,02015
