Number Pending - Simple,Median No. of Days - Simple,Average No. of Days - Simple,Number Pending - Complex,Median No. of Days - Complex,Average No. of Days - Complex,Number Pending - Expedited,Median No. of Days - Expedited,Average No. of Days - Expedited,Year
ODNI2015,2542015,190.52015,240.022015,442015,376.52015,374.82015,42015,1162015,101.52015,Total2015,2542015,1912015,2402015,442015,3772015,3752015,42015,1162015,1022015
ODNI2015,2542015,190.52015,240.022015,442015,376.52015,374.82015,42015,1162015,101.52015,Total2015,2542015,1912015,2402015,442015,3772015,3752015,42015,1162015,1022015
ODNI2015,2542015,190.52015,240.022015,442015,376.52015,374.82015,42015,1162015,101.52015,Total2015,2542015,1912015,2402015,442015,3772015,3752015,42015,1162015,1022015
ODNI2015,2542015,190.52015,240.022015,442015,376.52015,374.82015,42015,1162015,101.52015,Total2015,2542015,1912015,2402015,442015,3772015,3752015,42015,1162015,1022015
