Number Pending - Simple,Median No. of Days - Simple,Average No. of Days - Simple,Number Pending - Complex,Median No. of Days - Complex,Average No. of Days - Complex,Number Pending - Expedited,Median No. of Days - Expedited,Average No. of Days - Expedited,Year
CO2015,52015,82015,12.62015,02015,02015,Total2015,52015,82015,132015,02015,02015,02015,02015,02015,02015
CO2015,52015,82015,12.62015,02015,02015,Total2015,52015,82015,132015,02015,02015,02015,02015,02015,02015
CO2015,52015,82015,12.62015,02015,02015,Total2015,52015,82015,132015,02015,02015,02015,02015,02015,02015
CO2015,52015,82015,12.62015,02015,02015,Total2015,52015,82015,132015,02015,02015,02015,02015,02015,02015
