Number Pending - Simple,Median No. of Days - Simple,Average No. of Days - Simple,Number Pending - Complex,Median No. of Days - Complex,Average No. of Days - Complex,Number Pending - Expedited,Median No. of Days - Expedited,Average No. of Days - Expedited,Year
NRPC2015,102015,16.52015,452015,742015,942015,1332015,162015,962015,922015,Total2015,102015,172015,452015,742015,942015,1332015,162015,962015,922015
NRPC2015,102015,16.52015,452015,742015,942015,1332015,162015,962015,922015,Total2015,102015,172015,452015,742015,942015,1332015,162015,962015,922015
NRPC2015,102015,16.52015,452015,742015,942015,1332015,162015,962015,922015,Total2015,102015,172015,452015,742015,942015,1332015,162015,962015,922015
NRPC2015,102015,16.52015,452015,742015,942015,1332015,162015,962015,922015,Total2015,102015,172015,452015,742015,942015,1332015,162015,962015,922015
