Number Pending - Simple,Median No. of Days - Simple,Average No. of Days - Simple,Number Pending - Complex,Median No. of Days - Complex,Average No. of Days - Complex,Number Pending - Expedited,Median No. of Days - Expedited,Average No. of Days - Expedited,Year
NCUA2015,02015,52015,212015,19.82015,02015,Total2015,02015,02015,02015,52015,212015,202015,02015,02015,02015
NCUA2015,02015,52015,212015,19.82015,02015,Total2015,02015,02015,02015,52015,212015,202015,02015,02015,02015
NCUA2015,02015,52015,212015,19.82015,02015,Total2015,02015,02015,02015,52015,212015,202015,02015,02015,02015
NCUA2015,02015,52015,212015,19.82015,02015,Total2015,02015,02015,02015,52015,212015,202015,02015,02015,02015
