Number Pending - Simple,Median No. of Days - Simple,Average No. of Days - Simple,Number Pending - Complex,Median No. of Days - Complex,Average No. of Days - Complex,Number Pending - Expedited,Median No. of Days - Expedited,Average No. of Days - Expedited,Year
PBGC2015,822015,42015,7.772015,652015,52015,7.152015,02015,Total2015,822015,42015,82015,652015,52015,72015,02015,02015,02015
PBGC2015,822015,42015,7.772015,652015,52015,7.152015,02015,Total2015,822015,42015,82015,652015,52015,72015,02015,02015,02015
PBGC2015,822015,42015,7.772015,652015,52015,7.152015,02015,Total2015,822015,42015,82015,652015,52015,72015,02015,02015,02015
PBGC2015,822015,42015,7.772015,652015,52015,7.152015,02015,Total2015,822015,42015,82015,652015,52015,72015,02015,02015,02015
