Number Pending - Simple,Median No. of Days - Simple,Average No. of Days - Simple,Number Pending - Complex,Median No. of Days - Complex,Average No. of Days - Complex,Number Pending - Expedited,Median No. of Days - Expedited,Average No. of Days - Expedited,Year
OLA2015,62015,202015,23.672015,02015,02015,OIG2015,02015,02015,02015,Total2015,62015,202015,242015,02015,02015,02015,02015,02015,02015
OLA2015,62015,202015,23.672015,02015,02015,OIG2015,02015,02015,02015,Total2015,62015,202015,242015,02015,02015,02015,02015,02015,02015
OLA2015,62015,202015,23.672015,02015,02015,OIG2015,02015,02015,02015,Total2015,62015,202015,242015,02015,02015,02015,02015,02015,02015
OLA2015,62015,202015,23.672015,02015,02015,OIG2015,02015,02015,02015,Total2015,62015,202015,242015,02015,02015,02015,02015,02015,02015
OLA2015,62015,202015,23.672015,02015,02015,OIG2015,02015,02015,02015,Total2015,62015,202015,242015,02015,02015,02015,02015,02015,02015
