Number Pending - Simple,Median No. of Days - Simple,Average No. of Days - Simple,Number Pending - Complex,Median No. of Days - Complex,Average No. of Days - Complex,Number Pending - Expedited,Median No. of Days - Expedited,Average No. of Days - Expedited,Year
NEH2015,42015,32015,6.252015,02015,02015,Total2015,42015,32015,62015,02015,02015,02015,02015,02015,02015
NEH2015,42015,32015,6.252015,02015,02015,Total2015,42015,32015,62015,02015,02015,02015,02015,02015,02015
NEH2015,42015,32015,6.252015,02015,02015,Total2015,42015,32015,62015,02015,02015,02015,02015,02015,02015
NEH2015,42015,32015,6.252015,02015,02015,Total2015,42015,32015,62015,02015,02015,02015,02015,02015,02015
