Number Pending - Simple,Median No. of Days - Simple,Average No. of Days - Simple,Number Pending - Complex,Median No. of Days - Complex,Average No. of Days - Complex,Number Pending - Expedited,Median No. of Days - Expedited,Average No. of Days - Expedited,Year
CIGIE2015,02015,62015,1132015,103.672015,02015,Total2015,02015,02015,02015,62015,1132015,1042015,02015,02015,02015
CIGIE2015,02015,62015,1132015,103.672015,02015,Total2015,02015,02015,02015,62015,1132015,1042015,02015,02015,02015
CIGIE2015,02015,62015,1132015,103.672015,02015,Total2015,02015,02015,02015,62015,1132015,1042015,02015,02015,02015
CIGIE2015,02015,62015,1132015,103.672015,02015,Total2015,02015,02015,02015,62015,1132015,1042015,02015,02015,02015
