Number Pending - Simple,Median No. of Days - Simple,Average No. of Days - Simple,Number Pending - Complex,Median No. of Days - Complex,Average No. of Days - Complex,Number Pending - Expedited,Median No. of Days - Expedited,Average No. of Days - Expedited,Year
MSPB2015,452015,852015,98.212015,32015,552015,146.672015,22015,100.52015,100.52015,Total2015,452015,852015,982015,32015,552015,1472015,22015,1012015,1012015
MSPB2015,452015,852015,98.212015,32015,552015,146.672015,22015,100.52015,100.52015,Total2015,452015,852015,982015,32015,552015,1472015,22015,1012015,1012015
MSPB2015,452015,852015,98.212015,32015,552015,146.672015,22015,100.52015,100.52015,Total2015,452015,852015,982015,32015,552015,1472015,22015,1012015,1012015
MSPB2015,452015,852015,98.212015,32015,552015,146.672015,22015,100.52015,100.52015,Total2015,452015,852015,982015,32015,552015,1472015,22015,1012015,1012015
