Number Pending - Simple,Median No. of Days - Simple,Average No. of Days - Simple,Number Pending - Complex,Median No. of Days - Complex,Average No. of Days - Complex,Number Pending - Expedited,Median No. of Days - Expedited,Average No. of Days - Expedited,Year
FTC2015,22015,1.52015,1.52015,242015,15.52015,362015,02015,Total2015,22015,22015,22015,242015,162015,362015,02015,02015,02015
FTC2015,22015,1.52015,1.52015,242015,15.52015,362015,02015,Total2015,22015,22015,22015,242015,162015,362015,02015,02015,02015
FTC2015,22015,1.52015,1.52015,242015,15.52015,362015,02015,Total2015,22015,22015,22015,242015,162015,362015,02015,02015,02015
FTC2015,22015,1.52015,1.52015,242015,15.52015,362015,02015,Total2015,22015,22015,22015,242015,162015,362015,02015,02015,02015
