Number Pending - Simple,Median No. of Days - Simple,Average No. of Days - Simple,Number Pending - Complex,Median No. of Days - Complex,Average No. of Days - Complex,Number Pending - Expedited,Median No. of Days - Expedited,Average No. of Days - Expedited,Year
NARA2015,17952015,2752015,407.182015,25982015,6372015,1146.12015,32015,432015,39.332015,Total2015,17952015,2752015,4072015,25982015,6372015,11462015,32015,432015,392015
NARA2015,17952015,2752015,407.182015,25982015,6372015,1146.12015,32015,432015,39.332015,Total2015,17952015,2752015,4072015,25982015,6372015,11462015,32015,432015,392015
NARA2015,17952015,2752015,407.182015,25982015,6372015,1146.12015,32015,432015,39.332015,Total2015,17952015,2752015,4072015,25982015,6372015,11462015,32015,432015,392015
NARA2015,17952015,2752015,407.182015,25982015,6372015,1146.12015,32015,432015,39.332015,Total2015,17952015,2752015,4072015,25982015,6372015,11462015,32015,432015,392015
